"plot_id","genotype","environment","replicate","range","row","yield"
"CS17-DG2F-001","NILASQ4G71I08S3/LH123HT","DG2F",5,3,343,8.545346697
"CS17-DG2F-002","NILASQ4G71I10S2/LH123HT","DG2F",5,3,345,10.98050333
"CS17-DG2F-003","NILASQ4G71I01S2/LH123HT","DG2F",5,3,347,10.9074688
"CS17-DG2F-004","NILASQ4G71I07S2/LH123HT","DG2F",5,3,349,10.49983115
"CS17-DG2F-005","NILASQ4G71I06S2/LH123HT","DG2F",5,3,351,11.11133551
"CS17-DG2F-006","NILASQ4G71I11S3/LH123HT","DG2F",5,3,353,11.45611639
"CS17-DG2F-007","NILASQ4G71I12S3/LH123HT","DG2F",5,3,355,11.65677698
"CS17-DG2F-008","NILASQ4G71I05S2/LH123HT","DG2F",5,3,357,11.94707002
"CS17-DG2F-009","NILASQ4G71I03S2/LH123HT","DG2F",5,3,359,11.64412965
"CS17-DG2F-010","NILASQ4G71I09S2/LH123HT","DG2F",5,3,361,10.44629794
"CS17-DG2F-011","NILASQ4G71I04S2/LH123HT","DG2F",5,3,363,10.97398878
"CS17-DG2F-012","2369/LH123HT","DG2F",5,3,365,10.70245634
"CS17-DG2F-013","2369/LH123HT","DG2F",5,3,367,8.368569985
"CS17-DG2F-014","NILASQ4G71I02S2/LH123HT","DG2F",5,3,369,11.84400952
"CS17-DG2F-015","NILASQ4G41I07S2/LH123HT","DG2F",5,3,371,10.94736098
"CS17-DG2F-016","NILASQ4G41I12S3/LH123HT","DG2F",5,3,373,9.795090181
"CS17-DG2F-017","NILASQ4G41I03S2/LH123HT","DG2F",5,3,375,8.726915624
"CS17-DG2F-018","NILASQ4G41I05S3/LH123HT","DG2F",5,3,377,9.262787079
"CS17-DG2F-019","NILASQ4G41I04S3/LH123HT","DG2F",5,3,379,9.769856891
"CS17-DG2F-020","NILASQ4G41I01S2/LH123HT","DG2F",5,3,381,10.23916
"CS17-DG2F-021","NILASQ4G41I06S3/LH123HT","DG2F",5,3,383,10.92766529
"CS17-DG2F-022","2369/LH123HT","DG2F",5,3,385,10.54409938
"CS17-DG2F-023","NILASQ4G41I09S2/LH123HT","DG2F",5,3,387,10.36961554
"CS17-DG2F-024","NILASQ4G41I08S2/LH123HT","DG2F",5,3,389,9.240689234
"CS17-DG2F-025","NILASQ4G41I02S3/LH123HT","DG2F",5,3,391,10.5960079
"CS17-DG2F-026","2369/LH123HT","DG2F",5,3,393,9.528673584
"CS17-DG2F-027","NILASQ4G41I10S2/LH123HT","DG2F",5,3,395,10.49532397
"CS17-DG2F-028","NILASQ4G41I11S2/LH123HT","DG2F",5,3,397,8.970321595
"CS17-DG2F-029","NILASQ4G21I10S2/LH123HT","DG2F",5,4,397,9.42139467
"CS17-DG2F-030","NILASQ4G21I04S2/LH123HT","DG2F",5,4,395,9.800584533
"CS17-DG2F-031","NILASQ4G21I03S2/LH123HT","DG2F",5,4,393,10.78806427
"CS17-DG2F-032","NILASQ4G21I09S2/LH123HT","DG2F",5,4,391,9.504618585
"CS17-DG2F-033","NILASQ4G21I06S2/LH123HT","DG2F",5,4,389,10.17388759
"CS17-DG2F-034","NILASQ4G21I11S2/LH123HT","DG2F",5,4,387,9.635737672
"CS17-DG2F-035","NILASQ4G21I12S2/LH123HT","DG2F",5,4,385,9.756203312
"CS17-DG2F-036","2369/LH123HT","DG2F",5,4,383,9.80457975
"CS17-DG2F-037","NILASQ4G21I08S2/LH123HT","DG2F",5,4,381,10.41359501
"CS17-DG2F-038","2369/LH123HT","DG2F",5,4,379,10.60036255
"CS17-DG2F-039","NILASQ4G21I05S2/LH123HT","DG2F",5,4,377,9.631503449
"CS17-DG2F-040","NILASQ4G21I02S2/LH123HT","DG2F",5,4,375,9.949132939
"CS17-DG2F-041","NILASQ4G21I07S2/LH123HT","DG2F",5,4,373,10.88114556
"CS17-DG2F-042","NILASQ4G21I01S2/LH123HT","DG2F",5,4,371,11.02244194
"CS17-DG2F-043","NILASQ4G11I01S3/LH123HT","DG2F",5,4,369,9.323194271
"CS17-DG2F-044","NILASQ4G11I12S3/LH123HT","DG2F",5,4,367,9.852917129
"CS17-DG2F-045","2369/LH123HT","DG2F",5,4,365,11.4754731
"CS17-DG2F-046","2369/LH123HT","DG2F",5,4,363,11.2627864
"CS17-DG2F-047","NILASQ4G11I10S2/LH123HT","DG2F",5,4,361,12.62931372
"CS17-DG2F-048","NILASQ4G11I08S3/LH123HT","DG2F",5,4,359,11.06580158
"CS17-DG2F-049","NILASQ4G11I04S2/LH123HT","DG2F",5,4,357,11.55291204
"CS17-DG2F-050","NILASQ4G11I07S3/LH123HT","DG2F",5,4,355,9.492843112
"CS17-DG2F-051","NILASQ4G11I09S2/LH123HT","DG2F",5,4,353,10.24032155
"CS17-DG2F-052","NILASQ4G11I06S3/LH123HT","DG2F",5,4,351,9.978452584
"CS17-DG2F-053","NILASQ4G11I05S2/LH123HT","DG2F",5,4,349,10.55031075
"CS17-DG2F-054","NILASQ4G11I02S2/LH123HT","DG2F",5,4,347,10.58712468
"CS17-DG2F-055","NILASQ4G11I03S2/LH123HT","DG2F",5,4,345,10.70244332
"CS17-DG2F-056","NILASQ4G11I11S2/LH123HT","DG2F",5,4,343,10.89565891
"CS17-DG2F-057","NILASQ4G61I06S3/LH123HT","DG2F",5,5,343,9.338716655
"CS17-DG2F-058","NILASQ4G61I01S2/LH123HT","DG2F",5,5,345,10.41381495
"CS17-DG2F-059","NILASQ4G61I05S3/LH123HT","DG2F",5,5,347,10.12167124
"CS17-DG2F-060","NILASQ4G61I03S3/LH123HT","DG2F",5,5,349,9.193432498
"CS17-DG2F-061","NILASQ4G61I04S3/LH123HT","DG2F",5,5,351,10.51041624
"CS17-DG2F-062","2369/LH123HT","DG2F",5,5,353,9.870557554
"CS17-DG2F-063","NILASQ4G61I07S3/LH123HT","DG2F",5,5,355,11.06649256
"CS17-DG2F-064","2369/LH123HT","DG2F",5,5,357,10.89283036
"CS17-DG2F-065","NILASQ4G61I12S2/LH123HT","DG2F",5,5,359,11.31415228
"CS17-DG2F-066","NILASQ4G61I09S2/LH123HT","DG2F",5,5,361,10.5130932
"CS17-DG2F-067","NILASQ4G61I08S2/LH123HT","DG2F",5,5,363,9.482471916
"CS17-DG2F-068","NILASQ4G61I10S3/LH123HT","DG2F",5,5,365,10.52061167
"CS17-DG2F-069","NILASQ4G61I02S3/LH123HT","DG2F",5,5,367,11.01438037
"CS17-DG2F-070","NILASQ4G61I11S2/LH123HT","DG2F",5,5,369,10.09292865
"CS17-DG2F-071","2369/LH123HT","DG2F",5,5,371,9.890672205
"CS17-DG2F-072","NILASQ4G31I08S2/LH123HT","DG2F",5,5,373,9.547621104
"CS17-DG2F-073","NILASQ4G31I07S3/LH123HT","DG2F",5,5,375,10.35767732
"CS17-DG2F-074","2369/LH123HT","DG2F",5,5,377,10.49254471
"CS17-DG2F-075","NILASQ4G31I11S3/LH123HT","DG2F",5,5,379,9.634230631
"CS17-DG2F-076","NILASQ4G31I06S2/LH123HT","DG2F",5,5,381,10.85213746
"CS17-DG2F-077","NILASQ4G31I04S2/LH123HT","DG2F",5,5,383,10.22966439
"CS17-DG2F-078","NILASQ4G31I09S2/LH123HT","DG2F",5,5,385,11.46398127
"CS17-DG2F-079","DKB 64-69","DG2F",5,5,387,13.21032898
"CS17-DG2F-080","NILASQ4G31I05S3/LH123HT","DG2F",5,5,389,10.05195071
"CS17-DG2F-081","NILASQ4G31I02S3/LH123HT","DG2F",5,5,391,10.60796239
"CS17-DG2F-082","NILASQ4G31I03S2/LH123HT","DG2F",5,5,393,9.479128154
"CS17-DG2F-083","NILASQ4G31I12S2/LH123HT","DG2F",5,5,395,9.877819809
"CS17-DG2F-084","NILASQ4G31I01S2/LH123HT","DG2F",5,5,397,10.4222927
"CS17-DG2F-085","NILASQ4G51I03S2/LH123HT","DG2F",5,6,397,8.255485638
"CS17-DG2F-086","NILASQ4G51I04S3/LH123HT","DG2F",5,6,395,9.013843045
"CS17-DG2F-087","NILASQ4G51I10S2/LH123HT","DG2F",5,6,393,10.78730773
"CS17-DG2F-088","NILASQ4G51I01S2/LH123HT","DG2F",5,6,391,10.54382643
"CS17-DG2F-089","NILASQ4G51I09S3/LH123HT","DG2F",5,6,389,9.589128206
"CS17-DG2F-090","2369/LH123HT","DG2F",5,6,387,11.53088581
"CS17-DG2F-091","NILASQ4G51I07S3/LH123HT","DG2F",5,6,385,10.86038457
"CS17-DG2F-092","NILASQ4G51I02S3/LH123HT","DG2F",5,6,383,11.74781789
"CS17-DG2F-093","2369/LH123HT","DG2F",5,6,381,11.19521786
"CS17-DG2F-094","NILASQ4G51I05S3/LH123HT","DG2F",5,6,379,11.596812
"CS17-DG2F-095","NILASQ4G51I08S3/LH123HT","DG2F",5,6,377,9.674312995
"CS17-DG2F-096","NILASQ4G51I11S2/LH123HT","DG2F",5,6,375,9.031339323
"CS17-DG2F-097","NILASQ4G51I12S2/LH123HT","DG2F",5,6,373,8.893000761
"CS17-DG2F-098","NILASQ4G51I06S2/LH123HT","DG2F",5,6,371,9.750100284
"CS17-DG2F-099","B73/PHN82","DG2F",5,6,369,11.97188761
"CS17-DG2F-100","G6611 VTTP (2017)","DG2F",5,6,367,13.22872874
"CS17-DG2F-101","B37/OH43","DG2F",5,6,365,9.992371673
"CS17-DG2F-102","PHN11_OH43_0001/PHB47","DG2F",5,6,363,8.240068807
"CS17-DG2F-103","B73/PHM49","DG2F",5,6,361,11.29568649
"CS17-DG2F-104","2369/LH123HT","DG2F",5,6,359,10.89890921
"CS17-DG2F-105","CGR03/CG108","DG2F",5,6,357,8.625799257
"CS17-DG2F-106","B37/H95","DG2F",5,6,355,10.74070756
"CS17-DG2F-107","F42/H95","DG2F",5,6,353,9.084367547
"CS17-DG2F-108","GEMN-0268/3IIH6","DG2F",5,6,351,9.037587894
"CS17-DG2F-109","PHP02/PHB47","DG2F",5,6,349,8.926323993
"CS17-DG2F-110","VA35/LH195","DG2F",5,6,347,10.67831392
"CS17-DG2F-111","DKB 64-69 (2016)","DG2F",5,6,345,15.39696379
"CS17-DG2F-112","F42/OH43","DG2F",5,6,343,10.53089452
"CS17-DG2F-113","B14A/H95","DG2F",5,7,343,11.58829705
"CS17-DG2F-114","PHG39/PHN82","DG2F",5,7,345,9.55417192
"CS17-DG2F-115","LH195/LH82","DG2F",5,7,347,9.750847062
"CS17-DG2F-116","TX714/PHZ51","DG2F",5,7,349,10.03707281
"CS17-DG2F-117","G7601VTTP (2017)","DG2F",5,7,351,13.2361477
"CS17-DG2F-118","PHN11_PHW65_0323/LH195","DG2F",5,7,353,10.44796401
"CS17-DG2F-119","PHW52/PHM49","DG2F",5,7,355,10.84343094
"CS17-DG2F-120","B73/MO17","DG2F",5,7,357,12.68054986
"CS17-DG2F-121","B97/PHB47","DG2F",5,7,359,9.723548275
"CS17-DG2F-122","LH74/PHN82","DG2F",5,7,361,10.21308786
"CS17-DG2F-123","PHB47/PHZ51","DG2F",5,7,363,9.99697696
"CS17-DG2F-124","CG44/CGR01","DG2F",5,7,365,5.733099644
"CS17-DG2F-125","WF9/H95","DG2F",5,7,367,9.475059469
"CS17-DG2F-126","PHW52/PHN82","DG2F",5,7,369,11.73823486
"CS17-DG2F-127","F42/MO17","DG2F",5,7,371,11.74446297
"CS17-DG2F-128","2369/3IIH6","DG2F",5,7,373,10.21294558
"CS17-DG2F-129","LH123HT/3IIH6","DG2F",5,7,375,9.843577752
"CS17-DG2F-130","GEMN-0260/3IIH6","DG2F",5,7,377,10.03748805
"CS17-DG2F-131","PHG29/PHG47","DG2F",5,7,379,8.701738133
"CS17-DG2F-132","LH198/PHN37","DG2F",5,7,381,9.794625188
"CS17-DG2F-133","PHP02/PHG47","DG2F",5,7,383,8.071805179
"CS17-DG2F-134","W10001_0022/PHB47","DG2F",5,7,385,7.66646134
"CS17-DG2F-135","LH195/PHN37","DG2F",5,7,387,11.02000306
"CS17-DG2F-136","2369/PHN82","DG2F",5,7,389,11.32784352
"CS17-DG2F-137","B37/MO17","DG2F",5,7,391,10.91894156
"CS17-DG2F-138","PHG39/TX205","DG2F",5,7,393,11.21049566
"CS17-DG2F-139","LH216/LH195","DG2F",5,7,395,10.39056997
"CS17-DG2F-140","LH198/PHZ51","DG2F",5,7,397,8.09826512
"CS17-DG2F-141","B14A/OH43","DG2F",5,8,397,11.67381617
"CS17-DG2F-142","BH8900VIP3111 (2016)","DG2F",5,8,395,13.23796814
"CS17-DG2F-143","B14A/MO17","DG2F",5,8,393,12.29315892
"CS17-DG2F-144","CG60/LH162","DG2F",5,8,391,4.455088329
"CS17-DG2F-145","PB80/PHZ51","DG2F",5,8,389,11.1225702
"CS17-DG2F-146","PHN11_PHG47_0251/PHB47","DG2F",5,8,387,8.543960554
"CS17-DG2F-147","B73/PHZ51","DG2F",5,8,385,10.39777038
"CS17-DG2F-148","LH212HT/LH195","DG2F",5,8,383,11.0370548
"CS17-DG2F-149","W10005_0107/PHB47","DG2F",5,8,381,9.760654686
"CS17-DG2F-150","PHG80/PHZ51","DG2F",5,8,379,9.656260121
"CS17-DG2F-151","W37A/PHB47","DG2F",5,8,377,9.290365327
"CS17-DG2F-152","REV28HR20 (2016)","DG2F",5,8,375,15.2162909
"CS17-DG2F-153","W10004_0216/PHZ51","DG2F",5,8,373,8.977552231
"CS17-DG2F-154","B73/TX775","DG2F",5,8,371,12.9610283
"CS17-DG2F-155","TX772W/LH195 ","DG2F",5,8,369,10.57212448
"CS17-DG2F-156","LAMA2002-58-3-B-B-B-B-B-B-1-B19-B18-B22/LH195 ","DG2F",5,8,367,12.74814119
"CS17-DG2F-157","B73/TX779","DG2F",5,8,365,11.84422342
"CS17-DG2F-158","TX714/TX779","DG2F",5,8,363,12.91541159
"CS17-DG2F-159","TX204/PHB47","DG2F",5,8,361,11.57832203
"CS17-DG2F-160","TX740/LH195 ","DG2F",5,8,359,12.73806387
"CS17-DG2F-161","2369/PHZ51","DG2F",5,8,357,9.835270659
"CS17-DG2F-162","TX770/LH195","DG2F",5,8,355,12.06923707
"CS17-DG2F-163","LH195/PHZ51","DG2F",5,8,353,10.76574183
"CS17-DG2F-164","B73/TX6252","DG2F",5,8,351,9.06401575
"CS17-DG2F-165","TX714/TX775","DG2F",5,8,349,13.45062508
"CS17-DG2F-166","TX714/TX777","DG2F",5,8,347,13.30889533
"CS17-DG2F-167","B73/TX777","DG2F",5,8,345,12.01556483
"CS17-DG2F-168","TX303/TX777","DG2F",5,8,343,11.44754192
"CS17-DG2F-169","PHP38/PHN82","DG2F",5,9,343,11.00130896
"CS17-DG2F-170","PHHB9/PHR55","DG2F",5,9,345,13.48821787
"CS17-DG2F-171","PHV63/PHP60","DG2F",5,9,347,10.40255655
"CS17-DG2F-172","LH195/PHN47","DG2F",5,9,349,12.18706062
"CS17-DG2F-173","LH195/PHW30","DG2F",5,9,351,8.890903179
"CS17-DG2F-174","LH195/NK787","DG2F",5,9,353,12.59915197
"CS17-DG2F-175","PHV63/PGM49","DG2F",5,9,355,9.010904292
"CS17-DG2F-176","LH195/PHR03","DG2F",5,9,357,13.49653938
"CS17-DG2F-177","PHHB9/LH210","DG2F",5,9,359,11.65145235
"CS17-DG2F-178","PHV63/PHZ51","DG2F",5,9,361,8.567835601
"CS17-DG2F-179","PHV63/PHR55","DG2F",5,9,363,11.97292966
"CS17-DG2F-180","PHV63/PHN47","DG2F",5,9,365,10.02184477
"CS17-DG2F-181","PHV63/NK787","DG2F",5,9,367,10.84295386
"CS17-DG2F-182","PHHB9/PHJ65","DG2F",5,9,369,11.24146556
"CS17-DG2F-183","LH195/PHR63","DG2F",5,9,371,9.945852881
"CS17-DG2F-184","PHW52/PHN47","DG2F",5,9,373,12.59153539
"CS17-DG2F-185","PHW52/LH185","DG2F",5,9,375,10.09573116
"CS17-DG2F-186","PHHB9/PHP60","DG2F",5,9,377,10.35417314
"CS17-DG2F-187","PHP38/LH210","DG2F",5,9,379,10.54201528
"CS17-DG2F-188","PHP38/LH185","DG2F",5,9,381,8.75273713
"CS17-DG2F-189","LH195/LH210","DG2F",5,9,383,13.28733129
"CS17-DG2F-190","PHP38/PHW30","DG2F",5,9,385,9.107669723
"CS17-DG2F-191","PHHB9/PHR63","DG2F",5,9,387,10.19527958
"CS17-DG2F-192","PHHB9/PHR03","DG2F",5,9,389,12.46597808
"CS17-DG2F-193","PHW52/PHP60","DG2F",5,9,391,8.918905501
"CS17-DG2F-194","PHHB9/NK787","DG2F",5,9,393,10.99929554
"CS17-DG2F-195","LH195/PHJ65","DG2F",5,9,395,12.07712102
"CS17-DG2F-196","PHV63/PHM57","DG2F",5,9,397,10.21966239
"CS17-DG2F-197","PHHB9/PHN47","DG2F",5,10,397,9.573038531
"CS17-DG2F-198","LH195/PHN82","DG2F",5,10,395,11.84315998
"CS17-DG2F-199","PHW52/PHR03","DG2F",5,10,393,12.46028564
"CS17-DG2F-200","PHP38/Q381","DG2F",5,10,391,8.065760275
"CS17-DG2F-201","PHHB9/PHW53","DG2F",5,10,389,10.15437045
"CS17-DG2F-202","PHHB9/Q381","DG2F",5,10,387,9.737155354
"CS17-DG2F-203","PHV63/PHR63","DG2F",5,10,385,11.18240778
"CS17-DG2F-204","PHP38/PHW53","DG2F",5,10,383,10.87522621
"CS17-DG2F-205","PHP38/PHM49","DG2F",5,10,381,10.31167653
"CS17-DG2F-206","LH195/PHP60","DG2F",5,10,379,12.95207579
"CS17-DG2F-207","PHP38/PHR55","DG2F",5,10,377,11.49258111
"CS17-DG2F-208","PHV63/PHW30","DG2F",5,10,375,10.27153186
"CS17-DG2F-209","PHHB9/PHM57","DG2F",5,10,373,10.78085781
"CS17-DG2F-210","LH195/PHW53","DG2F",5,10,371,11.72406235
"CS17-DG2F-211","PHP38/PHJ65","DG2F",5,10,369,11.19298868
"CS17-DG2F-212","LH195/PHM57","DG2F",5,10,367,13.09859265
"CS17-DG2F-213","PHV63/LH123HT","DG2F",5,10,365,10.32359243
"CS17-DG2F-214","PHW52/PHN82","DG2F",5,10,363,11.76758891
"CS17-DG2F-215","PHHB9/LH123HT","DG2F",5,10,361,11.98156457
"CS17-DG2F-216","PHHB9/LH185","DG2F",5,10,359,11.03671629
"CS17-DG2F-217","PHV63/PHJ65","DG2F",5,10,357,9.845915735
"CS17-DG2F-218","PHP38/PHR63","DG2F",5,10,355,11.02742759
"CS17-DG2F-219","PHV63/Q381","DG2F",5,10,353,7.841101877
"CS17-DG2F-220","LH195/PHM49","DG2F",5,10,351,11.16219455
"CS17-DG2F-221","PHW52/LH210","DG2F",5,10,349,12.46077714
"CS17-DG2F-222","PHHB9/PHN82","DG2F",5,10,347,12.23405371
"CS17-DG2F-223","PHW52/PHR63","DG2F",5,10,345,10.15245934
"CS17-DG2F-224","PHW52/PHJ65","DG2F",5,10,343,11.5930995
"CS17-DG2F-225","PHW52/PHW53","DG2F",5,11,343,10.89998613
"CS17-DG2F-226","LH195/Q381","DG2F",5,11,345,7.960701701
"CS17-DG2F-227","LH195/PHZ51","DG2F",5,11,347,11.12740891
"CS17-DG2F-228","PHHB9/PHM49","DG2F",5,11,349,10.6230156
"CS17-DG2F-229","LH195/PHR55","DG2F",5,11,351,15.25623424
"CS17-DG2F-230","PHP38/PHP60","DG2F",5,11,353,8.904141055
"CS17-DG2F-231","PHP38/PHR03","DG2F",5,11,355,12.24087515
"CS17-DG2F-232","LH195/LH123HT","DG2F",5,11,357,14.52961397
"CS17-DG2F-233","PHW52/Q381","DG2F",5,11,359,8.658244583
"CS17-DG2F-234","PHV63/PHW53","DG2F",5,11,361,9.040236027
"CS17-DG2F-235","PHV63/PH210","DG2F",5,11,363,10.9582432
"CS17-DG2F-236","PHV63/PHN82","DG2F",5,11,365,11.24681205
"CS17-DG2F-237","PHV63/PHR03","DG2F",5,11,367,11.36933388
"CS17-DG2F-238","PHP38/LH123HT","DG2F",5,11,369,9.192726175
"CS17-DG2F-239","PHW52/PHM57","DG2F",5,11,371,10.66180203
"CS17-DG2F-240","PHW52/PHZ51","DG2F",5,11,373,10.33397758
"CS17-DG2F-241","PHW52/PHW30","DG2F",5,11,375,12.05920718
"CS17-DG2F-242","PHHB9/PHW30","DG2F",5,11,377,9.928159911
"CS17-DG2F-243","PHP38/PHM57","DG2F",5,11,379,10.01166143
"CS17-DG2F-244","PHW52/NK787","DG2F",5,11,381,14.07187569
"CS17-DG2F-245","PHHB9/PHZ51","DG2F",5,11,383,8.535278677
"CS17-DG2F-246","PHW52/PHR55","DG2F",5,11,385,14.39156277
"CS17-DG2F-247","PHP38/PHN47","DG2F",5,11,387,10.06041311
"CS17-DG2F-248","LH195/LH185","DG2F",5,11,389,NA
"CS17-DG2F-249","LAMA2002-58-3-B-B-B-B-B-B-1-B19-B18-B22/LH195 ","DG2F",6,11,391,13.4790445
"CS17-DG2F-250","TX204/PHB47","DG2F",6,11,393,12.45070586
"CS17-DG2F-251","TX740/LH195 ","DG2F",6,11,395,11.68184474
"CS17-DG2F-252","TX714/TX779","DG2F",6,11,397,10.7457425
"CS17-DG2F-253","B73/TX6252","DG2F",6,12,397,9.637581367
"CS17-DG2F-254","TX770/LH195","DG2F",6,12,395,10.65661225
"CS17-DG2F-255","LH195/PHZ51","DG2F",6,12,393,10.16436408
"CS17-DG2F-256","B73/TX775","DG2F",6,12,391,12.10333033
"CS17-DG2F-257","TX714/TX775","DG2F",6,12,389,NA
"CS17-DG2F-258","TX303/TX777","DG2F",6,12,387,11.23162539
"CS17-DG2F-259","TX772W/LH195 ","DG2F",6,12,385,9.561974961
"CS17-DG2F-260","TX714/TX777","DG2F",6,12,383,11.90601954
"CS17-DG2F-261","2369/PHZ51","DG2F",6,12,381,9.334737248
"CS17-DG2F-262","B73/TX777","DG2F",6,12,379,12.47184629
"CS17-DG2F-263","B73/TX779","DG2F",6,12,377,11.91597085
"CS17-DG2F-264","G7601VTTP (2017)","DG2F",6,12,375,12.42025907
"CS17-DG2F-265","REV28HR20 (2016)","DG2F",6,12,373,15.10208871
"CS17-DG2F-266","B14A/H95","DG2F",6,12,371,11.83320216
"CS17-DG2F-267","B14A/MO17","DG2F",6,12,369,11.62744897
"CS17-DG2F-268","2369/LH123HT","DG2F",6,12,367,11.26782599
"CS17-DG2F-269","LH195/PHN37","DG2F",6,12,365,11.59715842
"CS17-DG2F-270","TX714/PHZ51","DG2F",6,12,363,10.24427864
"CS17-DG2F-271","LH195/LH82","DG2F",6,12,361,11.41925549
"CS17-DG2F-272","PHG39/PHN82","DG2F",6,12,359,10.23448682
"CS17-DG2F-273","PHP02/PHG47","DG2F",6,12,357,8.427708677
"CS17-DG2F-274","B37/OH43","DG2F",6,12,355,11.00208178
"CS17-DG2F-275","PHG39/TX205","DG2F",6,12,353,8.16263312
"CS17-DG2F-276","B14A/OH43","DG2F",6,12,351,10.92018262
"CS17-DG2F-277","PHW52/PHN82","DG2F",6,12,349,12.91262954
"CS17-DG2F-278","2369/3IIH6","DG2F",6,12,347,11.36292071
"CS17-DG2F-279","CGR03/CG108","DG2F",6,12,345,9.514671261
"CS17-DG2F-280","LH123HT/3IIH6","DG2F",6,12,343,9.896116339
"CS17-DG2F-281","W37A/PHB47","DG2F",6,13,343,9.948268052
"CS17-DG2F-282","BH8900VIP3111 (2016)","DG2F",6,13,345,12.45561246
"CS17-DG2F-283","VA35/LH195","DG2F",6,13,347,11.95625363
"CS17-DG2F-284","CG44/CGR01","DG2F",6,13,349,6.66982218
"CS17-DG2F-285","PHP02/PHB47","DG2F",6,13,351,9.525452115
"CS17-DG2F-286","PHN11_PHW65_0323/LH195","DG2F",6,13,353,10.91093113
"CS17-DG2F-287","PHW52/PHM49","DG2F",6,13,355,10.82704553
"CS17-DG2F-288","B73/PHN82","DG2F",6,13,357,13.38391538
"CS17-DG2F-289","B37/H95","DG2F",6,13,359,10.82155211
"CS17-DG2F-290","LH74/PHN82","DG2F",6,13,361,12.17863728
"CS17-DG2F-291","CG60/LH162","DG2F",6,13,363,7.032729862
"CS17-DG2F-292","B73/PHZ51","DG2F",6,13,365,10.56850126
"CS17-DG2F-293","B37/MO17","DG2F",6,13,367,11.70125864
"CS17-DG2F-294","PHG80/PHZ51","DG2F",6,13,369,7.08456073
"CS17-DG2F-295","PB80/PHZ51","DG2F",6,13,371,10.490263
"CS17-DG2F-296","PHG29/PHG47","DG2F",6,13,373,9.478355802
"CS17-DG2F-297","WF9/H95","DG2F",6,13,375,10.91998454
"CS17-DG2F-298","GEMN-0260/3IIH6","DG2F",6,13,377,8.918833892
"CS17-DG2F-299","G6611 VTTP (2017)","DG2F",6,13,379,14.35045557
"CS17-DG2F-300","PHB47/PHZ51","DG2F",6,13,381,10.18359803
"CS17-DG2F-301","2369/PHN82","DG2F",6,13,383,11.89200234
"CS17-DG2F-302","DKB 64-69 (2016)","DG2F",6,13,385,14.82225104
"CS17-DG2F-303","LH198/PHN37","DG2F",6,13,387,9.792761497
"CS17-DG2F-304","LH216/LH195","DG2F",6,13,389,NA
"CS17-DG2F-305","F42/MO17","DG2F",6,13,391,10.27356853
"CS17-DG2F-306","B97/PHB47","DG2F",6,13,393,9.117303905
"CS17-DG2F-307","F42/H95","DG2F",6,13,395,11.36701264
"CS17-DG2F-308","LH212HT/LH195","DG2F",6,13,397,11.53090859
"CS17-DG2F-309","B73/MO17","DG2F",6,14,397,9.599757007
"CS17-DG2F-310","GEMN-0268/3IIH6","DG2F",6,14,395,9.642808815
"CS17-DG2F-311","W10005_0107/PHB47","DG2F",6,14,393,9.315632561
"CS17-DG2F-312","PHN11_PHG47_0251/PHB47","DG2F",6,14,391,7.016063596
"CS17-DG2F-313","W10004_0216/PHZ51","DG2F",6,14,389,NA
"CS17-DG2F-314","PHN11_OH43_0001/PHB47","DG2F",6,14,387,8.202423469
"CS17-DG2F-315","B73/PHM49","DG2F",6,14,385,11.42265459
"CS17-DG2F-316","F42/OH43","DG2F",6,14,383,12.06458714
"CS17-DG2F-317","W10001_0022/PHB47","DG2F",6,14,381,8.413762618
"CS17-DG2F-318","LH198/PHZ51","DG2F",6,14,379,9.324983098
"CS17-DG2F-319","NILASQ4G41I03S2/LH123HT","DG2F",6,14,377,9.715762903
"CS17-DG2F-320","NILASQ4G41I02S3/LH123HT","DG2F",6,14,375,12.37697896
"CS17-DG2F-321","2369/LH123HT","DG2F",6,14,373,10.8921817
"CS17-DG2F-322","2369/LH123HT","DG2F",6,14,371,12.04037033
"CS17-DG2F-323","NILASQ4G41I11S2/LH123HT","DG2F",6,14,369,12.29440556
"CS17-DG2F-324","NILASQ4G41I12S3/LH123HT","DG2F",6,14,367,10.70907783
"CS17-DG2F-325","NILASQ4G41I05S3/LH123HT","DG2F",6,14,365,13.18467952
"CS17-DG2F-326","NILASQ4G41I06S3/LH123HT","DG2F",6,14,363,NA
"CS17-DG2F-327","NILASQ4G41I04S3/LH123HT","DG2F",6,14,361,11.53452949
"CS17-DG2F-328","NILASQ4G41I09S2/LH123HT","DG2F",6,14,359,11.67362692
"CS17-DG2F-329","NILASQ4G41I08S2/LH123HT","DG2F",6,14,357,11.6297186
"CS17-DG2F-330","NILASQ4G41I01S2/LH123HT","DG2F",6,14,355,11.19113011
"CS17-DG2F-331","NILASQ4G41I07S2/LH123HT","DG2F",6,14,353,9.773618681
"CS17-DG2F-332","NILASQ4G41I10S2/LH123HT","DG2F",6,14,351,11.45183846
"CS17-DG2F-333","2369/LH123HT","DG2F",6,14,349,10.56748944
"CS17-DG2F-334","NILASQ4G31I11S3/LH123HT","DG2F",6,14,347,12.03253753
"CS17-DG2F-335","NILASQ4G31I07S3/LH123HT","DG2F",6,14,345,9.953563388
"CS17-DG2F-336","NILASQ4G31I04S2/LH123HT","DG2F",6,14,343,11.44865605
"CS17-DG2F-337","DKB 64-69","DG2F",6,15,343,14.33029534
"CS17-DG2F-338","2369/LH123HT","DG2F",6,15,345,11.68877545
"CS17-DG2F-339","NILASQ4G31I05S3/LH123HT","DG2F",6,15,347,11.20558394
"CS17-DG2F-340","NILASQ4G31I09S2/LH123HT","DG2F",6,15,349,12.52022412
"CS17-DG2F-341","NILASQ4G31I03S2/LH123HT","DG2F",6,15,351,10.82769001
"CS17-DG2F-342","NILASQ4G31I01S2/LH123HT","DG2F",6,15,353,9.533893591
"CS17-DG2F-343","NILASQ4G31I02S3/LH123HT","DG2F",6,15,355,12.44794288
"CS17-DG2F-344","NILASQ4G31I08S2/LH123HT","DG2F",6,15,357,11.11472345
"CS17-DG2F-345","NILASQ4G31I06S2/LH123HT","DG2F",6,15,359,10.89975457
"CS17-DG2F-346","NILASQ4G31I12S2/LH123HT","DG2F",6,15,361,10.97621238
"CS17-DG2F-347","2369/LH123HT","DG2F",6,15,363,11.16822736
"CS17-DG2F-348","NILASQ4G71I06S2/LH123HT","DG2F",6,15,365,12.16635543
"CS17-DG2F-349","NILASQ4G71I10S2/LH123HT","DG2F",6,15,367,12.05997442
"CS17-DG2F-350","NILASQ4G71I02S2/LH123HT","DG2F",6,15,369,11.99935426
"CS17-DG2F-351","2369/LH123HT","DG2F",6,15,371,12.27738265
"CS17-DG2F-352","NILASQ4G71I04S2/LH123HT","DG2F",6,15,373,11.99648339
"CS17-DG2F-353","NILASQ4G71I03S2/LH123HT","DG2F",6,15,375,11.33323558
"CS17-DG2F-354","NILASQ4G71I01S2/LH123HT","DG2F",6,15,377,11.36031675
"CS17-DG2F-355","NILASQ4G71I05S2/LH123HT","DG2F",6,15,379,9.942490054
"CS17-DG2F-356","NILASQ4G71I09S2/LH123HT","DG2F",6,15,381,12.17742876
"CS17-DG2F-357","NILASQ4G71I12S3/LH123HT","DG2F",6,15,383,10.96625921
"CS17-DG2F-358","NILASQ4G71I08S3/LH123HT","DG2F",6,15,385,11.23553691
"CS17-DG2F-359","NILASQ4G71I11S3/LH123HT","DG2F",6,15,387,11.90101018
"CS17-DG2F-360","NILASQ4G71I07S2/LH123HT","DG2F",6,15,389,12.41107919
"CS17-DG2F-361","NILASQ4G51I05S3/LH123HT","DG2F",6,15,391,10.47220919
"CS17-DG2F-362","NILASQ4G51I10S2/LH123HT","DG2F",6,15,393,11.47783061
"CS17-DG2F-363","NILASQ4G51I09S3/LH123HT","DG2F",6,15,395,9.856431543
"CS17-DG2F-364","NILASQ4G51I01S2/LH123HT","DG2F",6,15,397,10.27105478
"CS17-DG2F-365","2369/LH123HT","DG2F",6,16,397,10.03641205
"CS17-DG2F-366","NILASQ4G51I04S3/LH123HT","DG2F",6,16,395,10.76100821
"CS17-DG2F-367","2369/LH123HT","DG2F",6,16,393,10.84116689
"CS17-DG2F-368","NILASQ4G51I08S3/LH123HT","DG2F",6,16,391,10.8035834
"CS17-DG2F-369","NILASQ4G51I11S2/LH123HT","DG2F",6,16,389,11.41534583
"CS17-DG2F-370","NILASQ4G51I02S3/LH123HT","DG2F",6,16,387,12.15236938
"CS17-DG2F-371","NILASQ4G51I12S2/LH123HT","DG2F",6,16,385,11.83299663
"CS17-DG2F-372","NILASQ4G51I03S2/LH123HT","DG2F",6,16,383,11.14393429
"CS17-DG2F-373","NILASQ4G51I06S2/LH123HT","DG2F",6,16,381,9.869640124
"CS17-DG2F-374","NILASQ4G51I07S3/LH123HT","DG2F",6,16,379,11.12507698
"CS17-DG2F-375","NILASQ4G21I05S2/LH123HT","DG2F",6,16,377,11.61472537
"CS17-DG2F-376","NILASQ4G21I10S2/LH123HT","DG2F",6,16,375,11.22422735
"CS17-DG2F-377","NILASQ4G21I12S2/LH123HT","DG2F",6,16,373,10.70910155
"CS17-DG2F-378","NILASQ4G21I09S2/LH123HT","DG2F",6,16,371,10.90121279
"CS17-DG2F-379","2369/LH123HT","DG2F",6,16,369,11.89018329
"CS17-DG2F-380","NILASQ4G21I07S2/LH123HT","DG2F",6,16,367,11.27704866
"CS17-DG2F-381","NILASQ4G21I04S2/LH123HT","DG2F",6,16,365,11.26303099
"CS17-DG2F-382","NILASQ4G21I06S2/LH123HT","DG2F",6,16,363,10.2461879
"CS17-DG2F-383","NILASQ4G21I01S2/LH123HT","DG2F",6,16,361,10.78474283
"CS17-DG2F-384","NILASQ4G21I08S2/LH123HT","DG2F",6,16,359,12.08906389
"CS17-DG2F-385","NILASQ4G21I03S2/LH123HT","DG2F",6,16,357,11.37173883
"CS17-DG2F-386","2369/LH123HT","DG2F",6,16,355,11.57854802
"CS17-DG2F-387","NILASQ4G21I02S2/LH123HT","DG2F",6,16,353,9.201832125
"CS17-DG2F-388","NILASQ4G21I11S2/LH123HT","DG2F",6,16,351,11.75225531
"CS17-DG2F-389","NILASQ4G61I08S2/LH123HT","DG2F",6,16,349,11.5540457
"CS17-DG2F-390","NILASQ4G61I02S3/LH123HT","DG2F",6,16,347,11.53635784
"CS17-DG2F-391","NILASQ4G61I11S2/LH123HT","DG2F",6,16,345,12.05792101
"CS17-DG2F-392","NILASQ4G61I07S3/LH123HT","DG2F",6,16,343,12.6448347
"CS17-DG2F-393","NILASQ4G61I10S3/LH123HT","DG2F",6,17,343,11.54440547
"CS17-DG2F-394","NILASQ4G61I03S3/LH123HT","DG2F",6,17,345,11.38328692
"CS17-DG2F-395","NILASQ4G61I12S2/LH123HT","DG2F",6,17,347,11.48021045
"CS17-DG2F-396","NILASQ4G61I04S3/LH123HT","DG2F",6,17,349,11.753714
"CS17-DG2F-397","NILASQ4G61I01S2/LH123HT","DG2F",6,17,351,11.22417574
"CS17-DG2F-398","NILASQ4G61I06S3/LH123HT","DG2F",6,17,353,9.67713736
"CS17-DG2F-399","NILASQ4G61I05S3/LH123HT","DG2F",6,17,355,12.39645982
"CS17-DG2F-400","2369/LH123HT","DG2F",6,17,357,11.45384397
"CS17-DG2F-401","2369/LH123HT","DG2F",6,17,359,10.36192363
"CS17-DG2F-402","NILASQ4G61I09S2/LH123HT","DG2F",6,17,361,11.51973482
"CS17-DG2F-403","NILASQ4G11I10S2/LH123HT","DG2F",6,17,363,11.18030369
"CS17-DG2F-404","2369/LH123HT","DG2F",6,17,365,11.12949069
"CS17-DG2F-405","NILASQ4G11I05S2/LH123HT","DG2F",6,17,367,12.01699236
"CS17-DG2F-406","NILASQ4G11I12S3/LH123HT","DG2F",6,17,369,11.22691036
"CS17-DG2F-407","NILASQ4G11I06S3/LH123HT","DG2F",6,17,371,11.11697494
"CS17-DG2F-408","NILASQ4G11I04S2/LH123HT","DG2F",6,17,373,11.5882738
"CS17-DG2F-409","NILASQ4G11I11S2/LH123HT","DG2F",6,17,375,12.36916568
"CS17-DG2F-410","NILASQ4G11I07S3/LH123HT","DG2F",6,17,377,10.08578637
"CS17-DG2F-411","NILASQ4G11I02S2/LH123HT","DG2F",6,17,379,12.93768334
"CS17-DG2F-412","2369/LH123HT","DG2F",6,17,381,11.29968636
"CS17-DG2F-413","NILASQ4G11I09S2/LH123HT","DG2F",6,17,383,12.71761117
"CS17-DG2F-414","NILASQ4G11I01S3/LH123HT","DG2F",6,17,385,11.87160404
"CS17-DG2F-415","NILASQ4G11I08S3/LH123HT","DG2F",6,17,387,12.54093768
"CS17-DG2F-416","NILASQ4G11I03S2/LH123HT","DG2F",6,17,389,11.94555833
"CS17-DG2F-417","PHHB9/LH210","DG2F",6,17,391,10.40559574
"CS17-DG2F-418","PHV63/PH210","DG2F",6,17,393,11.38998421
"CS17-DG2F-419","PHV63/PHW30","DG2F",6,17,395,9.640598705
"CS17-DG2F-420","LH195/PHR03","DG2F",6,17,397,11.98015657
"CS17-DG2F-421","PHHB9/PHM49","DG2F",6,18,397,9.874828046
"CS17-DG2F-422","PHP38/PHW53","DG2F",6,18,395,10.12158754
"CS17-DG2F-423","LH195/PHM57","DG2F",6,18,393,12.36866768
"CS17-DG2F-424","LH195/PHJ65","DG2F",6,18,391,11.35681861
"CS17-DG2F-425","PHP38/LH210","DG2F",6,18,389,9.462848762
"CS17-DG2F-426","PHV63/PHN82","DG2F",6,18,387,10.56078099
"CS17-DG2F-427","PHP38/LH185","DG2F",6,18,385,7.710254811
"CS17-DG2F-428","PHW52/PHW30","DG2F",6,18,383,11.90503887
"CS17-DG2F-429","PHHB9/PHW53","DG2F",6,18,381,9.14473847
"CS17-DG2F-430","LH195/PHN82","DG2F",6,18,379,11.76398243
"CS17-DG2F-431","PHW52/Q381","DG2F",6,18,377,7.539896392
"CS17-DG2F-432","PHHB9/PHR63","DG2F",6,18,375,10.35406154
"CS17-DG2F-433","PHW52/PHR03","DG2F",6,18,373,12.9051971
"CS17-DG2F-434","PHHB9/PHN47","DG2F",6,18,371,12.17451512
"CS17-DG2F-435","PHP38/PHR63","DG2F",6,18,369,10.50411373
"CS17-DG2F-436","LH195/PHM49","DG2F",6,18,367,11.75160804
"CS17-DG2F-437","LH195/LH185","DG2F",6,18,365,10.86227988
"CS17-DG2F-438","PHHB9/PHP60","DG2F",6,18,363,11.77412671
"CS17-DG2F-439","PHP38/PHJ65","DG2F",6,18,361,10.56302365
"CS17-DG2F-440","PHHB9/PHR55","DG2F",6,18,359,13.31599297
"CS17-DG2F-441","PHV63/Q381","DG2F",6,18,357,5.787457748
"CS17-DG2F-442","PHW52/NK787","DG2F",6,18,355,12.52913338
"CS17-DG2F-443","PHP38/PHR55","DG2F",6,18,353,10.17972557
"CS17-DG2F-444","PHW52/PHZ51","DG2F",6,18,351,8.965739558
"CS17-DG2F-445","PHW52/LH185","DG2F",6,18,349,11.34300275
"CS17-DG2F-446","PHHB9/LH185","DG2F",6,18,347,9.148231495
"CS17-DG2F-447","LH195/LH123HT","DG2F",6,18,345,13.68677949
"CS17-DG2F-448","PHV63/LH123HT","DG2F",6,18,343,9.290896813
"CS17-DG2F-449","PHV63/PHP60","DG2F",6,19,343,11.77081968
"CS17-DG2F-450","PHV63/PHR03","DG2F",6,19,345,11.27511894
"CS17-DG2F-451","LH195/PHR63","DG2F",6,19,347,12.30844044
"CS17-DG2F-452","PHW52/PHN82","DG2F",6,19,349,10.47286158
"CS17-DG2F-453","PHV63/PHR63","DG2F",6,19,351,10.7825941
"CS17-DG2F-454","PHW52/PHR63","DG2F",6,19,353,10.06435253
"CS17-DG2F-455","LH195/LH210","DG2F",6,19,355,12.8936132
"CS17-DG2F-456","PHW52/LH210","DG2F",6,19,357,12.21286399
"CS17-DG2F-457","LH195/PHR55","DG2F",6,19,359,13.26861581
"CS17-DG2F-458","PHV63/PHJ65","DG2F",6,19,361,11.27381649
"CS17-DG2F-459","PHHB9/PHW30","DG2F",6,19,363,9.864556824
"CS17-DG2F-460","PHV63/PHR55","DG2F",6,19,365,12.30362869
"CS17-DG2F-461","LH195/PHW53","DG2F",6,19,367,11.13325434
"CS17-DG2F-462","PHHB9/Q381","DG2F",6,19,369,8.838524085
"CS17-DG2F-463","PHP38/LH123HT","DG2F",6,19,371,9.297030996
"CS17-DG2F-464","LH195/PHN47","DG2F",6,19,373,11.93342202
"CS17-DG2F-465","LH195/PHW30","DG2F",6,19,375,10.54017902
"CS17-DG2F-466","PHHB9/PHZ51","DG2F",6,19,377,8.750134566
"CS17-DG2F-467","PHHB9/PHM57","DG2F",6,19,379,10.33221061
"CS17-DG2F-468","PHP38/Q381","DG2F",6,19,381,8.149609606
"CS17-DG2F-469","LH195/PHZ51","DG2F",6,19,383,10.09307373
"CS17-DG2F-470","LH195/PHP60","DG2F",6,19,385,13.48131924
"CS17-DG2F-471","PHHB9/NK787","DG2F",6,19,387,11.83451112
"CS17-DG2F-472","PHHB9/PHR03","DG2F",6,19,389,12.62301121
"CS17-DG2F-473","PHP38/PHN82","DG2F",6,19,391,8.265069601
"CS17-DG2F-474","PHHB9/PHJ65","DG2F",6,19,393,11.95520042
"CS17-DG2F-475","PHW52/PHN47","DG2F",6,19,395,11.15627705
"CS17-DG2F-476","PHP38/PHW30","DG2F",6,19,397,8.065225069
"CS17-DG2F-477","PHW52/PHJ65","DG2F",6,20,397,10.89620574
"CS17-DG2F-478","PHV63/PHZ51","DG2F",6,20,395,8.750696277
"CS17-DG2F-479","PHHB9/PHN82","DG2F",6,20,393,11.2031604
"CS17-DG2F-480","PHW52/PHP60","DG2F",6,20,391,9.780919065
"CS17-DG2F-481","LH195/NK787","DG2F",6,20,389,13.08089549
"CS17-DG2F-482","PHV63/PHM57","DG2F",6,20,387,10.31954049
"CS17-DG2F-483","PHP38/PHP60","DG2F",6,20,385,7.387242102
"CS17-DG2F-484","PHV63/PHN47","DG2F",6,20,383,11.91469212
"CS17-DG2F-485","PHP38/PHN47","DG2F",6,20,381,9.281161728
"CS17-DG2F-486","PHP38/PHM57","DG2F",6,20,379,10.1022857
"CS17-DG2F-487","PHHB9/LH123HT","DG2F",6,20,377,11.67809829
"CS17-DG2F-488","PHW52/PHR55","DG2F",6,20,375,12.38550646
"CS17-DG2F-489","PHW52/PHM57","DG2F",6,20,373,11.91641631
"CS17-DG2F-490","PHV63/PHW53","DG2F",6,20,371,10.49145756
"CS17-DG2F-491","PHP38/PHM49","DG2F",6,20,369,11.71246868
"CS17-DG2F-492","PHP38/PHR03","DG2F",6,20,367,12.19223273
"CS17-DG2F-493","PHV63/PGM49","DG2F",6,20,365,10.17301573
"CS17-DG2F-494","PHV63/NK787","DG2F",6,20,363,10.12308203
"CS17-DG2F-495","PHW52/PHW53","DG2F",6,20,361,9.814657535
"CS17-DG2F-496","LH195/Q381","DG2F",6,20,359,9.043092942
"CS17-DG2F-497","DKB 64-69 (2016)","DG2F",2,20,357,14.51231903
"CS17-DG2F-498","REV28HR20 (2016)","DG2F",6,20,355,16.18433581
"CS17-DG2F-499","G6611 VTTP (2017)","DG2F",2,20,353,13.82377236
"CS17-DG2F-500","G7601VTTP (2017)","DG2F",6,20,351,14.19409156
"CS17-G2FE-001","NILASQ4G31I11S3/LH123HT","G2FE",1,3,255,10.84734246
"CS17-G2FE-002","2369/LH123HT","G2FE",1,3,257,9.07349416
"CS17-G2FE-003","NILASQ4G31I06S2/LH123HT","G2FE",1,3,259,10.54087512
"CS17-G2FE-004","NILASQ4G31I08S2/LH123HT","G2FE",1,3,261,10.9310867
"CS17-G2FE-005","NILASQ4G31I03S2/LH123HT","G2FE",1,3,263,11.25939893
"CS17-G2FE-006","NILASQ4G31I07S3/LH123HT","G2FE",1,3,265,11.04484901
"CS17-G2FE-007","NILASQ4G31I12S2/LH123HT","G2FE",1,3,267,11.56325069
"CS17-G2FE-008","NILASQ4G31I05S3/LH123HT","G2FE",1,3,269,10.91767306
"CS17-G2FE-009","NILASQ4G31I09S2/LH123HT","G2FE",1,3,271,11.44434464
"CS17-G2FE-010","NILASQ4G31I04S2/LH123HT","G2FE",1,3,273,11.03650146
"CS17-G2FE-011","NILASQ4G31I02S3/LH123HT","G2FE",1,3,275,10.76344198
"CS17-G2FE-012","2369/LH123HT","G2FE",1,3,277,12.00916514
"CS17-G2FE-013","DKB 64-69","G2FE",1,3,279,13.74569359
"CS17-G2FE-014","NILASQ4G31I01S2/LH123HT","G2FE",1,3,281,11.54470585
"CS17-G2FE-015","NILASQ4G71I07S2/LH123HT","G2FE",1,3,283,11.18230083
"CS17-G2FE-016","NILASQ4G71I12S3/LH123HT","G2FE",1,3,285,11.98115073
"CS17-G2FE-017","NILASQ4G71I08S3/LH123HT","G2FE",1,3,287,11.75910791
"CS17-G2FE-018","2369/LH123HT","G2FE",1,3,289,10.91408611
"CS17-G2FE-019","NILASQ4G71I09S2/LH123HT","G2FE",1,3,291,7.738667721
"CS17-G2FE-020","NILASQ4G71I03S2/LH123HT","G2FE",1,3,293,12.78291008
"CS17-G2FE-021","NILASQ4G71I06S2/LH123HT","G2FE",1,3,295,10.54346001
"CS17-G2FE-022","NILASQ4G71I05S2/LH123HT","G2FE",1,3,297,10.61688095
"CS17-G2FE-023","NILASQ4G71I01S2/LH123HT","G2FE",1,3,299,9.887960368
"CS17-G2FE-024","NILASQ4G71I10S2/LH123HT","G2FE",1,3,301,11.69652037
"CS17-G2FE-025","NILASQ4G71I02S2/LH123HT","G2FE",1,3,303,11.02115345
"CS17-G2FE-026","2369/LH123HT","G2FE",1,3,305,9.950373539
"CS17-G2FE-027","NILASQ4G71I11S3/LH123HT","G2FE",1,3,307,11.62336261
"CS17-G2FE-028","NILASQ4G71I04S2/LH123HT","G2FE",1,3,309,11.21418258
"CS17-G2FE-029","NILASQ4G11I06S3/LH123HT","G2FE",1,3,311,10.82846887
"CS17-G2FE-030","NILASQ4G11I05S2/LH123HT","G2FE",1,3,313,9.305824937
"CS17-G2FE-031","NILASQ4G11I10S2/LH123HT","G2FE",1,3,315,11.19095667
"CS17-G2FE-032","NILASQ4G11I07S3/LH123HT","G2FE",1,3,317,10.89987361
"CS17-G2FE-033","NILASQ4G11I04S2/LH123HT","G2FE",1,3,319,12.07355499
"CS17-G2FE-034","2369/LH123HT","G2FE",1,4,319,10.37479928
"CS17-G2FE-035","NILASQ4G11I12S3/LH123HT","G2FE",1,4,317,12.68798649
"CS17-G2FE-036","2369/LH123HT","G2FE",1,4,315,10.29018643
"CS17-G2FE-037","NILASQ4G11I09S2/LH123HT","G2FE",1,4,313,10.75747008
"CS17-G2FE-038","NILASQ4G11I11S2/LH123HT","G2FE",1,4,311,11.1556535
"CS17-G2FE-039","NILASQ4G11I02S2/LH123HT","G2FE",1,4,309,11.77507808
"CS17-G2FE-040","NILASQ4G11I03S2/LH123HT","G2FE",1,4,307,11.67470384
"CS17-G2FE-041","NILASQ4G11I01S3/LH123HT","G2FE",1,4,305,11.88575284
"CS17-G2FE-042","NILASQ4G11I08S3/LH123HT","G2FE",1,4,303,12.66414492
"CS17-G2FE-043","NILASQ4G21I12S2/LH123HT","G2FE",1,4,301,11.15760507
"CS17-G2FE-044","NILASQ4G21I03S2/LH123HT","G2FE",1,4,299,10.74794192
"CS17-G2FE-045","NILASQ4G21I06S2/LH123HT","G2FE",1,4,297,11.7214077
"CS17-G2FE-046","NILASQ4G21I01S2/LH123HT","G2FE",1,4,295,11.88297962
"CS17-G2FE-047","NILASQ4G21I11S2/LH123HT","G2FE",1,4,293,11.18214645
"CS17-G2FE-048","NILASQ4G21I04S2/LH123HT","G2FE",1,4,291,9.552459817
"CS17-G2FE-049","NILASQ4G21I09S2/LH123HT","G2FE",1,4,289,12.55256901
"CS17-G2FE-050","NILASQ4G21I07S2/LH123HT","G2FE",1,4,287,12.30075039
"CS17-G2FE-051","NILASQ4G21I05S2/LH123HT","G2FE",1,4,285,11.75930274
"CS17-G2FE-052","NILASQ4G21I08S2/LH123HT","G2FE",1,4,283,12.32882943
"CS17-G2FE-053","2369/LH123HT","G2FE",1,4,281,12.31692004
"CS17-G2FE-054","NILASQ4G21I02S2/LH123HT","G2FE",1,4,279,10.6005918
"CS17-G2FE-055","2369/LH123HT","G2FE",1,4,277,12.23799498
"CS17-G2FE-056","NILASQ4G21I10S2/LH123HT","G2FE",1,4,275,10.19442027
"CS17-G2FE-057","NILASQ4G51I02S3/LH123HT","G2FE",1,4,273,10.46605408
"CS17-G2FE-058","NILASQ4G51I12S2/LH123HT","G2FE",1,4,271,11.5600069
"CS17-G2FE-059","NILASQ4G51I04S3/LH123HT","G2FE",1,4,269,10.18243276
"CS17-G2FE-060","NILASQ4G51I03S2/LH123HT","G2FE",1,4,267,11.13653532
"CS17-G2FE-061","NILASQ4G51I01S2/LH123HT","G2FE",1,4,265,11.47187824
"CS17-G2FE-062","NILASQ4G51I09S3/LH123HT","G2FE",1,4,263,9.898060008
"CS17-G2FE-063","2369/LH123HT","G2FE",1,4,261,10.95806929
"CS17-G2FE-064","NILASQ4G51I05S3/LH123HT","G2FE",1,4,259,9.956877856
"CS17-G2FE-065","2369/LH123HT","G2FE",1,4,257,10.69916651
"CS17-G2FE-066","NILASQ4G51I06S2/LH123HT","G2FE",1,4,255,10.7753244
"CS17-G2FE-067","NILASQ4G51I07S3/LH123HT","G2FE",1,5,255,10.21593455
"CS17-G2FE-068","NILASQ4G51I08S3/LH123HT","G2FE",1,5,257,10.09965663
"CS17-G2FE-069","NILASQ4G51I11S2/LH123HT","G2FE",1,5,259,11.22725074
"CS17-G2FE-070","NILASQ4G51I10S2/LH123HT","G2FE",1,5,261,11.65412792
"CS17-G2FE-071","NILASQ4G41I11S2/LH123HT","G2FE",1,5,263,10.59818174
"CS17-G2FE-072","NILASQ4G41I09S2/LH123HT","G2FE",1,5,265,11.51504769
"CS17-G2FE-073","NILASQ4G41I02S3/LH123HT","G2FE",1,5,267,11.72186247
"CS17-G2FE-074","NILASQ4G41I07S2/LH123HT","G2FE",1,5,269,12.08979625
"CS17-G2FE-075","NILASQ4G41I08S2/LH123HT","G2FE",1,5,271,11.29362006
"CS17-G2FE-076","NILASQ4G41I04S3/LH123HT","G2FE",1,5,273,11.87104791
"CS17-G2FE-077","NILASQ4G41I10S2/LH123HT","G2FE",1,5,275,11.3585879
"CS17-G2FE-078","NILASQ4G41I06S3/LH123HT","G2FE",1,5,277,10.91098926
"CS17-G2FE-079","NILASQ4G41I05S3/LH123HT","G2FE",1,5,279,12.48676697
"CS17-G2FE-080","2369/LH123HT","G2FE",1,5,281,11.34667991
"CS17-G2FE-081","NILASQ4G41I03S2/LH123HT","G2FE",1,5,283,10.23369448
"CS17-G2FE-082","2369/LH123HT","G2FE",1,5,285,10.19024278
"CS17-G2FE-083","NILASQ4G41I01S2/LH123HT","G2FE",1,5,287,11.55180955
"CS17-G2FE-084","NILASQ4G41I12S3/LH123HT","G2FE",1,5,289,11.71237848
"CS17-G2FE-085","NILASQ4G61I01S2/LH123HT","G2FE",1,5,291,10.54254072
"CS17-G2FE-086","NILASQ4G61I03S3/LH123HT","G2FE",1,5,293,11.74797134
"CS17-G2FE-087","2369/LH123HT","G2FE",1,5,295,11.29562139
"CS17-G2FE-088","NILASQ4G61I02S3/LH123HT","G2FE",1,5,297,11.48418474
"CS17-G2FE-089","NILASQ4G61I06S3/LH123HT","G2FE",1,5,299,10.96076532
"CS17-G2FE-090","NILASQ4G61I09S2/LH123HT","G2FE",1,5,301,11.22524941
"CS17-G2FE-091","NILASQ4G61I10S3/LH123HT","G2FE",1,5,303,11.15605479
"CS17-G2FE-092","NILASQ4G61I08S2/LH123HT","G2FE",1,5,305,11.73326083
"CS17-G2FE-093","2369/LH123HT","G2FE",1,5,307,11.48017697
"CS17-G2FE-094","NILASQ4G61I04S3/LH123HT","G2FE",1,5,309,11.52860409
"CS17-G2FE-095","NILASQ4G61I11S2/LH123HT","G2FE",1,5,311,12.55347063
"CS17-G2FE-096","NILASQ4G61I05S3/LH123HT","G2FE",1,5,313,11.46167305
"CS17-G2FE-097","NILASQ4G61I07S3/LH123HT","G2FE",1,5,315,10.72974722
"CS17-G2FE-098","NILASQ4G61I12S2/LH123HT","G2FE",1,5,317,10.69318624
"CS17-G2FE-099","2369/LH123HT","G2FE",1,5,319,11.70412393
"CS17-G2FE-100","2369/3IIH6","G2FE",1,6,319,9.841421116
"CS17-G2FE-101","B14A/OH43","G2FE",1,6,317,13.17864066
"CS17-G2FE-102","LH198/PHZ51","G2FE",1,6,315,9.715840557
"CS17-G2FE-103","TX714/PHZ51","G2FE",1,6,313,9.994319062
"CS17-G2FE-104","REV28HR20 (2016)","G2FE",1,6,311,16.02979551
"CS17-G2FE-105","PHG29/PHG47","G2FE",1,6,309,9.569680819
"CS17-G2FE-106","GEMN-0260/3IIH6","G2FE",1,6,307,8.406987676
"CS17-G2FE-107","PHP02/PHB47","G2FE",1,6,305,9.992393993
"CS17-G2FE-108","PHG80/PHZ51","G2FE",1,6,303,8.976255831
"CS17-G2FE-109","G7601VTTP (2017)","G2FE",1,6,301,14.00278802
"CS17-G2FE-110","LH123HT/3IIH6","G2FE",1,6,299,10.25062532
"CS17-G2FE-111","PB80/PHZ51","G2FE",1,6,297,11.09796791
"CS17-G2FE-112","F42/H95","G2FE",1,6,295,11.51165604
"CS17-G2FE-113","GEMN-0268/3IIH6","G2FE",1,6,293,10.67973726
"CS17-G2FE-114","B37/OH43","G2FE",1,6,291,9.742951022
"CS17-G2FE-115","B14A/MO17","G2FE",1,6,289,12.55385936
"CS17-G2FE-116","W10004_0216/PHZ51","G2FE",1,6,287,10.1668211
"CS17-G2FE-117","PHB47/PHZ51","G2FE",1,6,285,10.19066499
"CS17-G2FE-118","PHN11_OH43_0001/PHB47","G2FE",1,6,283,9.248402067
"CS17-G2FE-119","B73/PHZ51","G2FE",1,6,281,10.9075962
"CS17-G2FE-120","PHG39/TX205","G2FE",1,6,279,10.96142933
"CS17-G2FE-121","PHN11_PHG47_0251/PHB47","G2FE",1,6,277,9.231865999
"CS17-G2FE-122","LH74/PHN82","G2FE",1,6,275,10.99355195
"CS17-G2FE-123","LH195/LH82","G2FE",1,6,273,11.59971541
"CS17-G2FE-124","PHG39/PHN82","G2FE",1,6,271,10.83013494
"CS17-G2FE-125","F42/MO17","G2FE",1,6,269,12.45208596
"CS17-G2FE-126","B73/MO17","G2FE",1,6,267,12.76940576
"CS17-G2FE-127","PHW52/PHM49","G2FE",1,6,265,11.39290529
"CS17-G2FE-128","LH195/PHN37","G2FE",1,6,263,12.2568058
"CS17-G2FE-129","2369/PHN82","G2FE",1,6,261,13.59692013
"CS17-G2FE-130","F42/OH43","G2FE",1,6,259,12.53317881
"CS17-G2FE-131","W10001_0022/PHB47","G2FE",1,6,257,9.478316742
"CS17-G2FE-132","G6611 VTTP (2017)","G2FE",1,6,255,13.98179825
"CS17-G2FE-133","W37A/PHB47","G2FE",1,7,255,9.532490243
"CS17-G2FE-134","PHP02/PHG47","G2FE",1,7,257,8.737355639
"CS17-G2FE-135","CG44/CGR01","G2FE",1,7,259,7.446905306
"CS17-G2FE-136","PHN11_PHW65_0323/LH195","G2FE",1,7,261,11.15981193
"CS17-G2FE-137","W10005_0107/PHB47","G2FE",1,7,263,8.254386395
"CS17-G2FE-138","LH216/LH195","G2FE",1,7,265,13.54351666
"CS17-G2FE-139","B73/PHM49","G2FE",1,7,267,11.20160267
"CS17-G2FE-140","B37/MO17","G2FE",1,7,269,11.58735777
"CS17-G2FE-141","LH198/PHN37","G2FE",1,7,271,9.882753381
"CS17-G2FE-142","VA35/LH195","G2FE",1,7,273,11.25753385
"CS17-G2FE-143","B37/H95","G2FE",1,7,275,10.58280722
"CS17-G2FE-144","DKB 64-69 (2016)","G2FE",1,7,277,14.13390385
"CS17-G2FE-145","B73/PHN82","G2FE",1,7,279,13.18500083
"CS17-G2FE-146","CG60/LH162","G2FE",1,7,281,3.566676668
"CS17-G2FE-147","CGR03/CG108","G2FE",1,7,283,8.574776546
"CS17-G2FE-148","WF9/H95","G2FE",1,7,285,11.68246039
"CS17-G2FE-149","PHW52/PHN82","G2FE",1,7,287,11.54564607
"CS17-G2FE-150","LH212HT/LH195","G2FE",1,7,289,11.52997768
"CS17-G2FE-151","B97/PHB47","G2FE",1,7,291,10.06538156
"CS17-G2FE-152","B14A/H95","G2FE",1,7,293,12.26077683
"CS17-G2FE-153","PHHB9/LH185","G2FE",1,7,295,10.04948997
"CS17-G2FE-154","PHW52/LH210","G2FE",1,7,297,11.6288844
"CS17-G2FE-155","PHW52/PHM57","G2FE",1,7,299,9.850056029
"CS17-G2FE-156","PHW52/PHR63","G2FE",1,7,301,11.00882882
"CS17-G2FE-157","PHW52/PHR55","G2FE",1,7,303,13.87104817
"CS17-G2FE-158","PHV63/PHM57","G2FE",1,7,305,10.62718705
"CS17-G2FE-159","PHHB9/PHM57","G2FE",1,7,307,12.50232097
"CS17-G2FE-160","PHV63/PHP60","G2FE",1,7,309,12.34173019
"CS17-G2FE-161","PHP38/PHN82","G2FE",1,7,311,10.15552271
"CS17-G2FE-162","PHHB9/PHJ65","G2FE",1,7,313,11.09080655
"CS17-G2FE-163","LH195/LH210","G2FE",1,7,315,12.8663651
"CS17-G2FE-164","PHP38/LH185","G2FE",1,7,317,8.568634923
"CS17-G2FE-165","LH195/LH123HT","G2FE",1,7,319,11.87713187
"CS17-G2FE-166","PHV63/NK787","G2FE",1,8,319,11.98263219
"CS17-G2FE-167","LH195/PHJ65","G2FE",1,8,317,13.04263636
"CS17-G2FE-168","LH195/PHN47","G2FE",1,8,315,12.8648655
"CS17-G2FE-169","PHW52/PHJ65","G2FE",1,8,313,12.36695557
"CS17-G2FE-170","PHV63/PHR55","G2FE",1,8,311,12.85403535
"CS17-G2FE-171","PHHB9/PHW30","G2FE",1,8,309,9.932739158
"CS17-G2FE-172","PHW52/LH185","G2FE",1,8,307,11.30971811
"CS17-G2FE-173","PHP38/PHW53","G2FE",1,8,305,11.62680588
"CS17-G2FE-174","PHW52/NK787","G2FE",1,8,303,12.02658237
"CS17-G2FE-175","PHP38/PHJ65","G2FE",1,8,301,12.17375997
"CS17-G2FE-176","PHP38/Q381","G2FE",1,8,299,7.898132293
"CS17-G2FE-177","LH195/NK787","G2FE",1,8,297,13.38693318
"CS17-G2FE-178","PHV63/PHW30","G2FE",1,8,295,11.44054146
"CS17-G2FE-179","PHV63/PHN82","G2FE",1,8,293,11.73259729
"CS17-G2FE-180","LH195/PHR03","G2FE",1,8,291,14.11885297
"CS17-G2FE-181","PHHB9/Q381","G2FE",1,8,289,10.12113232
"CS17-G2FE-182","PHW52/PHR03","G2FE",1,8,287,12.99627799
"CS17-G2FE-183","PHP38/PHR55","G2FE",1,8,285,12.63264074
"CS17-G2FE-184","PHV63/LH123HT","G2FE",1,8,283,11.14463085
"CS17-G2FE-185","PHP38/LH210","G2FE",1,8,281,10.56410336
"CS17-G2FE-186","PHHB9/PHR55","G2FE",1,8,279,14.20585774
"CS17-G2FE-187","PHW52/PHZ51","G2FE",1,8,277,9.770615759
"CS17-G2FE-188","PHV63/PHW53","G2FE",1,8,275,10.69902655
"CS17-G2FE-189","LH195/Q381","G2FE",1,8,273,8.988149413
"CS17-G2FE-190","PHW52/PHP60","G2FE",1,8,271,10.82601604
"CS17-G2FE-191","PHW52/PHW30","G2FE",1,8,269,11.47211678
"CS17-G2FE-192","LH195/PHW53","G2FE",1,8,267,11.05771768
"CS17-G2FE-193","PHHB9/LH123HT","G2FE",1,8,265,11.20546025
"CS17-G2FE-194","PHW52/Q381","G2FE",1,8,263,8.82020384
"CS17-G2FE-195","PHHB9/NK787","G2FE",1,8,261,11.79478679
"CS17-G2FE-196","PHP38/LH123HT","G2FE",1,8,259,8.517176979
"CS17-G2FE-197","PHV63/PHR03","G2FE",1,8,257,11.71298576
"CS17-G2FE-198","PHV63/PGM49","G2FE",1,8,255,10.93735852
"CS17-G2FE-199","PHW52/PHN82","G2FE",1,9,255,11.27964611
"CS17-G2FE-200","LH195/PHW30","G2FE",1,9,257,11.1527645
"CS17-G2FE-201","PHV63/PHJ65","G2FE",1,9,259,11.42631966
"CS17-G2FE-202","PHW52/PHW53","G2FE",1,9,261,9.385402845
"CS17-G2FE-203","LH195/PHM57","G2FE",1,9,263,13.19927331
"CS17-G2FE-204","PHHB9/PHR03","G2FE",1,9,265,13.54010361
"CS17-G2FE-205","PHHB9/PHM49","G2FE",1,9,267,9.527829157
"CS17-G2FE-206","PHP38/PHR63","G2FE",1,9,269,10.80248555
"CS17-G2FE-207","PHV63/PHN47","G2FE",1,9,271,11.48131248
"CS17-G2FE-208","LH195/PHN82","G2FE",1,9,273,12.01775774
"CS17-G2FE-209","LH195/PHZ51","G2FE",1,9,275,10.88666317
"CS17-G2FE-210","PHHB9/PHP60","G2FE",1,9,277,11.78386086
"CS17-G2FE-211","PHP38/PHN47","G2FE",1,9,279,9.499742208
"CS17-G2FE-212","PHV63/PHZ51","G2FE",1,9,281,10.14162315
"CS17-G2FE-213","PHP38/PHM57","G2FE",1,9,283,10.85237554
"CS17-G2FE-214","PHV63/PHR63","G2FE",1,9,285,11.14703951
"CS17-G2FE-215","PHHB9/PHW53","G2FE",1,9,287,11.01187359
"CS17-G2FE-216","LH195/PHR63","G2FE",1,9,289,12.37238994
"CS17-G2FE-217","PHP38/PHP60","G2FE",1,9,291,8.57576605
"CS17-G2FE-218","PHV63/PH210","G2FE",1,9,293,10.15692745
"CS17-G2FE-219","PHHB9/PHZ51","G2FE",1,9,295,9.297880538
"CS17-G2FE-220","PHV63/Q381","G2FE",1,9,297,8.22946279
"CS17-G2FE-221","PHW52/PHN47","G2FE",1,9,299,11.83757588
"CS17-G2FE-222","LH195/PHP60","G2FE",1,9,301,12.90767039
"CS17-G2FE-223","LH195/LH185","G2FE",1,9,303,11.27109768
"CS17-G2FE-224","PHHB9/PHR63","G2FE",1,9,305,11.17207797
"CS17-G2FE-225","LH195/PHM49","G2FE",1,9,307,11.76919035
"CS17-G2FE-226","PHP38/PHW30","G2FE",1,9,309,9.419987137
"CS17-G2FE-227","PHP38/PHR03","G2FE",1,9,311,10.83663135
"CS17-G2FE-228","PHHB9/LH210","G2FE",1,9,313,10.66098132
"CS17-G2FE-229","LH195/PHR55","G2FE",1,9,315,13.11976702
"CS17-G2FE-230","PHP38/PHM49","G2FE",1,9,317,9.995543853
"CS17-G2FE-231","PHHB9/PHN47","G2FE",1,9,319,11.13840925
"CS17-G2FE-232","PHHB9/PHN82","G2FE",1,10,319,11.12277759
"CS17-G2FE-233","Z033E0001/PHZ51","G2FE",1,10,317,9.105482398
"CS17-G2FE-234","Z032E0081/PHZ51","G2FE",1,10,315,9.20533259
"CS17-G2FE-235","BGEM-0253-N/LH195","G2FE",1,10,313,10.8424977
"CS17-G2FE-236","BGEM-0256-N/LH195","G2FE",1,10,311,11.03722778
"CS17-G2FE-237","Z029E0002/PHZ51","G2FE",1,10,309,8.943514305
"CS17-G2FE-238","BGEM-0207-N/LH195","G2FE",1,10,307,10.15655685
"CS17-G2FE-239","Z031E0012/PHZ51","G2FE",1,10,305,11.41294275
"CS17-G2FE-240","DKB 64-69","G2FE",1,10,303,13.65771699
"CS17-G2FE-241","Z036E0057/PHZ51","G2FE",1,10,301,10.11127401
"CS17-G2FE-242","Z032E0034/PHZ51","G2FE",1,10,299,8.378609176
"CS17-G2FE-243","BGEM-0151-N/LH195","G2FE",1,10,297,9.385454459
"CS17-G2FE-244","GEMN-0261/3IIH6","G2FE",1,10,295,9.075289031
"CS17-G2FE-245","Z035E0047/PHZ51","G2FE",1,10,293,12.06955791
"CS17-G2FE-246","BGEM-0089-N/LH195","G2FE",1,10,291,8.206320107
"CS17-G2FE-247","Z038E0057/3IIH6","G2FE",1,10,289,11.60431698
"CS17-G2FE-248","BGEM-0246-N/LH195","G2FE",1,10,287,11.85056731
"CS17-G2FE-249","Z034E0064/PHZ51","G2FE",1,10,285,9.47785919
"CS17-G2FE-250","Z033E0056/PHZ51","G2FE",1,10,283,11.32382227
"CS17-G2FE-251","GEMS-0269/3IIH6","G2FE",1,10,281,11.85451091
"CS17-G2FE-252","BGEM-0239-N/LH195","G2FE",1,10,279,10.30173731
"CS17-G2FE-253","Z034E0042/3IIH6","G2FE",1,10,277,9.616326554
"CS17-G2FE-254","Z037E0012/3IIH6","G2FE",1,10,275,12.64268458
"CS17-G2FE-255","BGEM-0040-N/LH195","G2FE",1,10,273,11.45412436
"CS17-G2FE-256","Z036E0034/PHZ51","G2FE",1,10,271,10.02844022
"CS17-G2FE-257","BGEM-0211-N/LH195","G2FE",1,10,269,10.72954123
"CS17-G2FE-258","B73/PHZ51","G2FE",1,10,267,12.12113722
"CS17-G2FE-259","Z038E0057/PHZ51","G2FE",1,10,265,10.5515918
"CS17-G2FE-260","Z034E0042/PHZ51","G2FE",1,10,263,11.02468321
"CS17-G2FE-261","GEMN-0266/3IIH6","G2FE",1,10,261,8.882547727
"CS17-G2FE-262","GEMS-0265/3IIH6","G2FE",1,10,259,10.25911097
"CS17-G2FE-263","BGEM-0202-N/LH195","G2FE",1,10,257,11.34704958
"CS17-G2FE-264","GEMN-0267/3IIH6","G2FE",1,10,255,12.33565274
"CS17-G2FE-265","Z037E0054/PHZ51","G2FE",1,11,255,10.46598712
"CS17-G2FE-266","BGEM-0203-N/LH195","G2FE",1,11,257,10.01231428
"CS17-G2FE-267","BGEM-0129-N/LH195","G2FE",1,11,259,10.05492155
"CS17-G2FE-268","BGEM-0182-N/LH195","G2FE",1,11,261,11.76089674
"CS17-G2FE-269","MO17/PHZ51","G2FE",1,11,263,11.03223934
"CS17-G2FE-270","BGEM-0125-N/LH195","G2FE",1,11,265,9.931279082
"CS17-G2FE-271","BGEM-0039-N/LH195","G2FE",1,11,267,11.23907271
"CS17-G2FE-272","BGEM-0206-N/LH195","G2FE",1,11,269,9.041772363
"CS17-G2FE-273","GEMN-0269/3IIH6","G2FE",1,11,271,12.47465112
"CS17-G2FE-274","BGEM-0235-N/LH195","G2FE",1,11,273,10.93888928
"CS17-G2FE-275","Z031E0556/PHZ51","G2FE",1,11,275,10.22797786
"CS17-G2FE-276","BGEM-0227-N/LH195","G2FE",1,11,277,11.1488567
"CS17-G2FE-277","GEMN-0264/3IIH6","G2FE",1,11,279,12.68372669
"CS17-G2FE-278","Z035E0060/PHZ51","G2FE",1,11,281,11.06714633
"CS17-G2FE-279","BGEM-0124-N/LH195","G2FE",1,11,283,10.68804156
"CS17-G2FE-280","BGEM-0259-N/LH195","G2FE",1,11,285,11.70683809
"CS17-G2FE-281","BGEM-0005-N/LH195","G2FE",1,11,287,11.09803301
"CS17-G2FE-282","BGEM-0063-N/LH195","G2FE",1,11,289,11.4851947
"CS17-G2FE-283","TX714/TX779","G2FE",1,11,291,11.49422346
"CS17-G2FE-284","TX303/TX777","G2FE",1,11,293,11.94390203
"CS17-G2FE-285","B73/TX779","G2FE",1,11,295,13.92514448
"CS17-G2FE-286","B73/TX777","G2FE",1,11,297,12.24066497
"CS17-G2FE-287","TX204/PHB47","G2FE",1,11,299,10.0170572
"CS17-G2FE-288","TX772W/LH195 ","G2FE",1,11,301,12.32613155
"CS17-G2FE-289","LH195/PHZ51","G2FE",1,11,303,10.81817859
"CS17-G2FE-290","TX740/LH195 ","G2FE",1,11,305,12.79199929
"CS17-G2FE-291","TX714/TX775","G2FE",1,11,307,12.45094766
"CS17-G2FE-292","B73/TX775","G2FE",1,11,309,13.80160477
"CS17-G2FE-293","2369/PHZ51","G2FE",1,11,311,10.3380165
"CS17-G2FE-294","TX770/LH195","G2FE",1,11,313,12.0016197
"CS17-G2FE-295","LAMA2002-58-3-B-B-B-B-B-B-1-B19-B18-B22/LH195 ","G2FE",1,11,315,13.1872858
"CS17-G2FE-296","TX714/TX777","G2FE",1,11,317,13.19955603
"CS17-G2FE-297","B73/TX6252","G2FE",1,11,319,11.25008466
"CS17-G2FE-298","NILASQ4G11I06S3/LH123HT","G2FE",2,12,319,11.81317121
"CS17-G2FE-299","2369/LH123HT","G2FE",2,12,317,11.66477718
"CS17-G2FE-300","NILASQ4G11I04S2/LH123HT","G2FE",2,12,315,12.65674875
"CS17-G2FE-301","NILASQ4G11I01S3/LH123HT","G2FE",2,12,313,11.56439876
"CS17-G2FE-302","NILASQ4G11I10S2/LH123HT","G2FE",2,12,311,11.60237982
"CS17-G2FE-303","NILASQ4G11I02S2/LH123HT","G2FE",2,12,309,11.5351856
"CS17-G2FE-304","2369/LH123HT","G2FE",2,12,307,11.63962015
"CS17-G2FE-305","NILASQ4G11I08S3/LH123HT","G2FE",2,12,305,11.35360923
"CS17-G2FE-306","NILASQ4G11I12S3/LH123HT","G2FE",2,12,303,11.95353481
"CS17-G2FE-307","NILASQ4G11I07S3/LH123HT","G2FE",2,12,301,10.22335816
"CS17-G2FE-308","NILASQ4G11I03S2/LH123HT","G2FE",2,12,299,9.616588345
"CS17-G2FE-309","NILASQ4G11I05S2/LH123HT","G2FE",2,12,297,10.91381595
"CS17-G2FE-310","NILASQ4G11I09S2/LH123HT","G2FE",2,12,295,11.29240876
"CS17-G2FE-311","NILASQ4G11I11S2/LH123HT","G2FE",2,12,293,12.46140488
"CS17-G2FE-312","NILASQ4G21I10S2/LH123HT","G2FE",2,12,291,8.87322509
"CS17-G2FE-313","NILASQ4G21I09S2/LH123HT","G2FE",2,12,289,11.15867083
"CS17-G2FE-314","NILASQ4G21I03S2/LH123HT","G2FE",2,12,287,11.05272645
"CS17-G2FE-315","NILASQ4G21I07S2/LH123HT","G2FE",2,12,285,11.82026467
"CS17-G2FE-316","NILASQ4G21I11S2/LH123HT","G2FE",2,12,283,10.58575249
"CS17-G2FE-317","NILASQ4G21I01S2/LH123HT","G2FE",2,12,281,10.30460957
"CS17-G2FE-318","NILASQ4G21I02S2/LH123HT","G2FE",2,12,279,11.43172985
"CS17-G2FE-319","NILASQ4G21I04S2/LH123HT","G2FE",2,12,277,10.41286544
"CS17-G2FE-320","NILASQ4G21I08S2/LH123HT","G2FE",2,12,275,12.57590652
"CS17-G2FE-321","2369/LH123HT","G2FE",2,12,273,11.00935519
"CS17-G2FE-322","2369/LH123HT","G2FE",2,12,271,11.88874786
"CS17-G2FE-323","NILASQ4G21I05S2/LH123HT","G2FE",2,12,269,11.40549171
"CS17-G2FE-324","NILASQ4G21I06S2/LH123HT","G2FE",2,12,267,11.78171678
"CS17-G2FE-325","NILASQ4G21I12S2/LH123HT","G2FE",2,12,265,11.54963338
"CS17-G2FE-326","2369/LH123HT","G2FE",2,12,263,10.43945883
"CS17-G2FE-327","NILASQ4G51I09S3/LH123HT","G2FE",2,12,261,11.57585292
"CS17-G2FE-328","NILASQ4G51I01S2/LH123HT","G2FE",2,12,259,11.53925149
"CS17-G2FE-329","NILASQ4G51I03S2/LH123HT","G2FE",2,12,257,10.12662946
"CS17-G2FE-330","NILASQ4G51I02S3/LH123HT","G2FE",2,12,255,11.22483975
"CS17-G2FE-331","NILASQ4G51I11S2/LH123HT","G2FE",2,13,255,12.06590586
"CS17-G2FE-332","NILASQ4G51I04S3/LH123HT","G2FE",2,13,257,10.09821795
"CS17-G2FE-333","NILASQ4G51I06S2/LH123HT","G2FE",2,13,259,10.74012074
"CS17-G2FE-334","NILASQ4G51I10S2/LH123HT","G2FE",2,13,261,11.68206375
"CS17-G2FE-335","NILASQ4G51I08S3/LH123HT","G2FE",2,13,263,10.46607919
"CS17-G2FE-336","NILASQ4G51I07S3/LH123HT","G2FE",2,13,265,10.46898121
"CS17-G2FE-337","NILASQ4G51I12S2/LH123HT","G2FE",2,13,267,10.87419997
"CS17-G2FE-338","NILASQ4G51I05S3/LH123HT","G2FE",2,13,269,10.83607941
"CS17-G2FE-339","2369/LH123HT","G2FE",2,13,271,11.15592087
"CS17-G2FE-340","NILASQ4G41I08S2/LH123HT","G2FE",2,13,273,11.61852111
"CS17-G2FE-341","NILASQ4G41I04S3/LH123HT","G2FE",2,13,275,12.41689904
"CS17-G2FE-342","NILASQ4G41I02S3/LH123HT","G2FE",2,13,277,12.07380144
"CS17-G2FE-343","NILASQ4G41I11S2/LH123HT","G2FE",2,13,279,10.80265295
"CS17-G2FE-344","2369/LH123HT","G2FE",2,13,281,10.97900884
"CS17-G2FE-345","NILASQ4G41I06S3/LH123HT","G2FE",2,13,283,10.98231029
"CS17-G2FE-346","NILASQ4G41I05S3/LH123HT","G2FE",2,13,285,11.64526051
"CS17-G2FE-347","2369/LH123HT","G2FE",2,13,287,11.58674072
"CS17-G2FE-348","NILASQ4G41I09S2/LH123HT","G2FE",2,13,289,11.85870561
"CS17-G2FE-349","NILASQ4G41I03S2/LH123HT","G2FE",2,13,291,6.404814511
"CS17-G2FE-350","NILASQ4G41I10S2/LH123HT","G2FE",2,13,293,12.47930477
"CS17-G2FE-351","NILASQ4G41I07S2/LH123HT","G2FE",2,13,295,9.644439079
"CS17-G2FE-352","NILASQ4G41I01S2/LH123HT","G2FE",2,13,297,10.61008462
"CS17-G2FE-353","NILASQ4G41I12S3/LH123HT","G2FE",2,13,299,9.628430313
"CS17-G2FE-354","NILASQ4G61I10S3/LH123HT","G2FE",2,13,301,10.9150505
"CS17-G2FE-355","NILASQ4G61I11S2/LH123HT","G2FE",2,13,303,11.58719781
"CS17-G2FE-356","NILASQ4G61I09S2/LH123HT","G2FE",2,13,305,11.62762427
"CS17-G2FE-357","2369/LH123HT","G2FE",2,13,307,10.98818036
"CS17-G2FE-358","NILASQ4G61I12S2/LH123HT","G2FE",2,13,309,11.01546147
"CS17-G2FE-359","NILASQ4G61I04S3/LH123HT","G2FE",2,13,311,11.51604185
"CS17-G2FE-360","NILASQ4G61I06S3/LH123HT","G2FE",2,13,313,11.00178651
"CS17-G2FE-361","NILASQ4G61I02S3/LH123HT","G2FE",2,13,315,11.37496123
"CS17-G2FE-362","NILASQ4G61I01S2/LH123HT","G2FE",2,13,317,10.98400472
"CS17-G2FE-363","NILASQ4G61I05S3/LH123HT","G2FE",2,13,319,10.70551785
"CS17-G2FE-364","NILASQ4G61I07S3/LH123HT","G2FE",2,14,319,10.77159237
"CS17-G2FE-365","NILASQ4G61I08S2/LH123HT","G2FE",2,14,317,11.35692556
"CS17-G2FE-366","NILASQ4G61I03S3/LH123HT","G2FE",2,14,315,11.02405547
"CS17-G2FE-367","2369/LH123HT","G2FE",2,14,313,11.85143452
"CS17-G2FE-368","2369/LH123HT","G2FE",2,14,311,12.05670459
"CS17-G2FE-369","NILASQ4G71I08S3/LH123HT","G2FE",2,14,309,12.16724264
"CS17-G2FE-370","NILASQ4G71I07S2/LH123HT","G2FE",2,14,307,10.97317644
"CS17-G2FE-371","NILASQ4G71I02S2/LH123HT","G2FE",2,14,305,14.03167057
"CS17-G2FE-372","NILASQ4G71I12S3/LH123HT","G2FE",2,14,303,11.65842585
"CS17-G2FE-373","NILASQ4G71I03S2/LH123HT","G2FE",2,14,301,13.24944509
"CS17-G2FE-374","NILASQ4G71I05S2/LH123HT","G2FE",2,14,299,8.787631572
"CS17-G2FE-375","NILASQ4G71I04S2/LH123HT","G2FE",2,14,297,11.17578814
"CS17-G2FE-376","NILASQ4G71I10S2/LH123HT","G2FE",2,14,295,13.38267385
"CS17-G2FE-377","NILASQ4G71I06S2/LH123HT","G2FE",2,14,293,11.5430742
"CS17-G2FE-378","NILASQ4G71I01S2/LH123HT","G2FE",2,14,291,7.740348669
"CS17-G2FE-379","NILASQ4G71I09S2/LH123HT","G2FE",2,14,289,10.71297261
"CS17-G2FE-380","2369/LH123HT","G2FE",2,14,287,11.44213406
"CS17-G2FE-381","NILASQ4G71I11S3/LH123HT","G2FE",2,14,285,12.40464834
"CS17-G2FE-382","NILASQ4G31I11S3/LH123HT","G2FE",2,14,283,11.71252448
"CS17-G2FE-383","NILASQ4G31I05S3/LH123HT","G2FE",2,14,281,10.29702926
"CS17-G2FE-384","NILASQ4G31I12S2/LH123HT","G2FE",2,14,279,11.80977955
"CS17-G2FE-385","2369/LH123HT","G2FE",2,14,277,11.33669512
"CS17-G2FE-386","NILASQ4G31I03S2/LH123HT","G2FE",2,14,275,10.96399051
"CS17-G2FE-387","NILASQ4G31I01S2/LH123HT","G2FE",2,14,273,10.33022974
"CS17-G2FE-388","DKB 64-69","G2FE",2,14,271,15.04031677
"CS17-G2FE-389","NILASQ4G31I09S2/LH123HT","G2FE",2,14,269,11.13028861
"CS17-G2FE-390","NILASQ4G31I08S2/LH123HT","G2FE",2,14,267,10.95158079
"CS17-G2FE-391","NILASQ4G31I06S2/LH123HT","G2FE",2,14,265,12.09706688
"CS17-G2FE-392","2369/LH123HT","G2FE",2,14,263,11.51895968
"CS17-G2FE-393","NILASQ4G31I07S3/LH123HT","G2FE",2,14,261,10.47186184
"CS17-G2FE-394","NILASQ4G31I02S3/LH123HT","G2FE",2,14,259,11.82788916
"CS17-G2FE-395","NILASQ4G31I04S2/LH123HT","G2FE",2,14,257,11.50652531
"CS17-G2FE-396","BGEM-0207-N/LH195","G2FE",2,14,255,9.177872915
"CS17-G2FE-397","BGEM-0039-N/LH195","G2FE",2,15,255,10.58284349
"CS17-G2FE-398","MO17/PHZ51","G2FE",2,15,257,9.152144408
"CS17-G2FE-399","BGEM-0235-N/LH195","G2FE",2,15,259,13.03320166
"CS17-G2FE-400","Z035E0060/PHZ51","G2FE",2,15,261,10.23996072
"CS17-G2FE-401","BGEM-0206-N/LH195","G2FE",2,15,263,10.21663762
"CS17-G2FE-402","BGEM-0089-N/LH195","G2FE",2,15,265,8.478326845
"CS17-G2FE-403","Z034E0042/PHZ51","G2FE",2,15,267,9.871300612
"CS17-G2FE-404","BGEM-0040-N/LH195","G2FE",2,15,269,10.34799339
"CS17-G2FE-405","BGEM-0063-N/LH195","G2FE",2,15,271,11.63784992
"CS17-G2FE-406","Z031E0012/PHZ51","G2FE",2,15,273,9.650473753
"CS17-G2FE-407","BGEM-0125-N/LH195","G2FE",2,15,275,10.20275945
"CS17-G2FE-408","GEMS-0265/3IIH6","G2FE",2,15,277,11.47739399
"CS17-G2FE-409","GEMN-0266/3IIH6","G2FE",2,15,279,8.649532481
"CS17-G2FE-410","BGEM-0005-N/LH195","G2FE",2,15,281,11.23775213
"CS17-G2FE-411","GEMN-0269/3IIH6","G2FE",2,15,283,11.64704236
"CS17-G2FE-412","GEMN-0264/3IIH6","G2FE",2,15,285,11.44677004
"CS17-G2FE-413","Z038E0057/3IIH6","G2FE",2,15,287,10.73882294
"CS17-G2FE-414","BGEM-0253-N/LH195","G2FE",2,15,289,12.10670896
"CS17-G2FE-415","Z032E0034/PHZ51","G2FE",2,15,291,8.53667877
"CS17-G2FE-416","Z034E0042/3IIH6","G2FE",2,15,293,8.940676455
"CS17-G2FE-417","BGEM-0129-N/LH195","G2FE",2,15,295,10.32935369
"CS17-G2FE-418","BGEM-0151-N/LH195","G2FE",2,15,297,8.779086867
"CS17-G2FE-419","Z036E0057/PHZ51","G2FE",2,15,299,10.93830897
"CS17-G2FE-420","BGEM-0124-N/LH195","G2FE",2,15,301,10.63359372
"CS17-G2FE-421","BGEM-0202-N/LH195","G2FE",2,15,303,10.32811774
"CS17-G2FE-422","Z033E0001/PHZ51","G2FE",2,15,305,9.318323939
"CS17-G2FE-423","Z034E0064/PHZ51","G2FE",2,15,307,9.945817076
"CS17-G2FE-424","Z031E0556/PHZ51","G2FE",2,15,309,9.852340073
"CS17-G2FE-425","BGEM-0227-N/LH195","G2FE",2,15,311,10.70285344
"CS17-G2FE-426","BGEM-0182-N/LH195","G2FE",2,15,313,11.90580843
"CS17-G2FE-427","GEMN-0261/3IIH6","G2FE",2,15,315,8.472712059
"CS17-G2FE-428","BGEM-0203-N/LH195","G2FE",2,15,317,9.847316293
"CS17-G2FE-429","Z038E0057/PHZ51","G2FE",2,15,319,10.0799986
"CS17-G2FE-430","BGEM-0256-N/LH195","G2FE",2,16,319,10.53466654
"CS17-G2FE-431","BGEM-0246-N/LH195","G2FE",2,16,317,11.8289126
"CS17-G2FE-432","Z037E0054/PHZ51","G2FE",2,16,315,9.972311891
"CS17-G2FE-433","GEMS-0269/3IIH6","G2FE",2,16,313,11.19946836
"CS17-G2FE-434","Z032E0081/PHZ51","G2FE",2,16,311,9.70238739
"CS17-G2FE-435","Z033E0056/PHZ51","G2FE",2,16,309,10.78383377
"CS17-G2FE-436","GEMN-0267/3IIH6","G2FE",2,16,307,10.83645047
"CS17-G2FE-437","BGEM-0211-N/LH195","G2FE",2,16,305,12.13474151
"CS17-G2FE-438","BGEM-0259-N/LH195","G2FE",2,16,303,9.459954648
"CS17-G2FE-439","B73/PHZ51","G2FE",2,16,301,11.41889745
"CS17-G2FE-440","GEMS-0264/3IIH6","G2FE",2,16,299,9.348767471
"CS17-G2FE-441","Z029E0002/PHZ51","G2FE",2,16,297,9.745749813
"CS17-G2FE-442","Z036E0034/PHZ51","G2FE",2,16,295,10.8758758
"CS17-G2FE-443","BGEM-0239-N/LH195","G2FE",2,16,293,9.156216348
"CS17-G2FE-444","Z035E0047/PHZ51","G2FE",2,16,291,8.784393363
"CS17-G2FE-445","Z037E0012/3IIH6","G2FE",2,16,289,12.08675102
"CS17-G2FE-446","TX740/LH195 ","G2FE",2,16,287,12.94425136
"CS17-G2FE-447","TX204/PHB47","G2FE",2,16,285,11.76439906
"CS17-G2FE-448","B73/TX6252","G2FE",2,16,283,12.53008289
"CS17-G2FE-449","LH195/PHZ51","G2FE",2,16,281,11.79101803
"CS17-G2FE-450","TX714/TX775","G2FE",2,16,279,11.30810087
"CS17-G2FE-451","TX714/TX779","G2FE",2,16,277,14.05774085
"CS17-G2FE-452","TX303/TX777","G2FE",2,16,275,12.02962435
"CS17-G2FE-453","B73/TX777","G2FE",2,16,273,13.27421618
"CS17-G2FE-454","B73/TX775","G2FE",2,16,271,13.63582234
"CS17-G2FE-455","TX770/LH195","G2FE",2,16,269,13.09048922
"CS17-G2FE-456","TX772W/LH195 ","G2FE",2,16,267,11.76682911
"CS17-G2FE-457","2369/PHZ51","G2FE",2,16,265,10.74531006
"CS17-G2FE-458","LAMA2002-58-3-B-B-B-B-B-B-1-B19-B18-B22/LH195 ","G2FE",2,16,263,13.29011846
"CS17-G2FE-459","TX714/TX777","G2FE",2,16,261,13.07559504
"CS17-G2FE-460","B73/TX779","G2FE",2,16,259,14.43135638
"CS17-G2FE-461","CG60/LH162","G2FE",2,16,257,3.85108755
"CS17-G2FE-462","LH216/LH195","G2FE",2,16,255,12.68278554
"CS17-G2FE-463","TX714/PHZ51","G2FE",2,17,255,10.63733226
"CS17-G2FE-464","B14A/H95","G2FE",2,17,257,12.91642946
"CS17-G2FE-465","PHG80/PHZ51","G2FE",2,17,259,8.640359106
"CS17-G2FE-466","LH74/PHN82","G2FE",2,17,261,12.04809106
"CS17-G2FE-467","2369/LH123HT","G2FE",2,17,263,12.19981397
"CS17-G2FE-468","LH198/PHN37","G2FE",2,17,265,10.40104439
"CS17-G2FE-469","PHP02/PHG47","G2FE",2,17,267,6.072868828
"CS17-G2FE-470","REV28HR20 (2016)","G2FE",2,17,269,16.37323627
"CS17-G2FE-471","W37A/PHB47","G2FE",2,17,271,9.810653484
"CS17-G2FE-472","F42/H95","G2FE",2,17,273,12.2111477
"CS17-G2FE-473","LH123HT/3IIH6","G2FE",2,17,275,10.60311113
"CS17-G2FE-474","DKB 64-69 (2016)","G2FE",2,17,277,14.77026393
"CS17-G2FE-475","PHG39/PHN82","G2FE",2,17,279,12.70059755
"CS17-G2FE-476","CG44/CGR01","G2FE",2,17,281,7.224735548
"CS17-G2FE-477","B37/OH43","G2FE",2,17,283,11.35589002
"CS17-G2FE-478","PHP02/PHB47","G2FE",2,17,285,9.597275341
"CS17-G2FE-479","LH198/PHZ51","G2FE",2,17,287,11.58711597
"CS17-G2FE-480","GEMN-0268/3IIH6","G2FE",2,17,289,10.26039156
"CS17-G2FE-481","B73/PHZ51","G2FE",2,17,291,11.34894396
"CS17-G2FE-482","F42/OH43","G2FE",2,17,293,12.18280687
"CS17-G2FE-483","W10001_0022/PHB47","G2FE",2,17,295,9.403277162
"CS17-G2FE-484","WF9/H95","G2FE",2,17,297,11.18701818
"CS17-G2FE-485","B73/PHN82","G2FE",2,17,299,12.59168047
"CS17-G2FE-486","PHB47/PHZ51","G2FE",2,17,301,11.09663059
"CS17-G2FE-487","G6611 VTTP (2017)","G2FE",2,17,303,14.81095544
"CS17-G2FE-488","W10004_0216/PHZ51","G2FE",2,17,305,11.02803859
"CS17-G2FE-489","PHW52/PHN82","G2FE",2,17,307,11.22290166
"CS17-G2FE-490","W10005_0107/PHB47","G2FE",2,17,309,10.21893375
"CS17-G2FE-491","PHG29/PHG47","G2FE",2,17,311,9.783793185
"CS17-G2FE-492","PHN11_PHG47_0251/PHB47","G2FE",2,17,313,7.213131192
"CS17-G2FE-493","LH195/PHN37","G2FE",2,17,315,10.00506039
"CS17-G2FE-494","2369/PHN82","G2FE",2,17,317,13.60831106
"CS17-G2FE-495","B73/PHM49","G2FE",2,17,319,12.19983164
"CS17-G2FE-496","PHW52/PHM49","G2FE",2,18,319,12.94442387
"CS17-G2FE-497","PB80/PHZ51","G2FE",2,18,317,11.68939994
"CS17-G2FE-498","B37/MO17","G2FE",2,18,315,12.65173612
"CS17-G2FE-499","2369/3IIH6","G2FE",2,18,313,11.61831326
"CS17-G2FE-500","B37/H95","G2FE",2,18,311,11.82440171
"CS17-G2FE-501","PHN11_OH43_0001/PHB47","G2FE",2,18,309,9.342301748
"CS17-G2FE-502","LH195/LH82","G2FE",2,18,307,10.79424123
"CS17-G2FE-503","PHG39/TX205","G2FE",2,18,305,10.56712488
"CS17-G2FE-504","G7601VTTP (2017)","G2FE",2,18,303,14.51631379
"CS17-G2FE-505","GEMN-0260/3IIH6","G2FE",2,18,301,10.44714609
"CS17-G2FE-506","VA35/LH195","G2FE",2,18,299,11.74159303
"CS17-G2FE-507","B73/MO17","G2FE",2,18,297,10.88878214
"CS17-G2FE-508","PHN11_PHW65_0323/LH195","G2FE",2,18,295,12.3195254
"CS17-G2FE-509","LH212HT/LH195","G2FE",2,18,293,13.73302022
"CS17-G2FE-510","B97/PHB47","G2FE",2,18,291,9.799803346
"CS17-G2FE-511","B14A/OH43","G2FE",2,18,289,12.86884025
"CS17-G2FE-512","CGR03/CG108","G2FE",2,18,287,7.349855299
"CS17-G2FE-513","B14A/MO17","G2FE",2,18,285,13.12058912
"CS17-G2FE-514","F42/MO17","G2FE",2,18,283,12.85756697
"CS17-G2FE-515","PHV63/PHM57","G2FE",2,18,281,11.45696547
"CS17-G2FE-516","PHP38/LH123HT","G2FE",2,18,279,9.453273634
"CS17-G2FE-517","PHV63/PHZ51","G2FE",2,18,277,9.595494885
"CS17-G2FE-518","PHHB9/PHM57","G2FE",2,18,275,11.4334666
"CS17-G2FE-519","PHHB9/PHN82","G2FE",2,18,273,12.70328242
"CS17-G2FE-520","PHP38/PHN82","G2FE",2,18,271,10.21367236
"CS17-G2FE-521","PHV63/PHN82","G2FE",2,18,269,12.7347866
"CS17-G2FE-522","PHW52/LH185","G2FE",2,18,267,8.123958288
"CS17-G2FE-523","PHP38/PHR55","G2FE",2,18,265,10.96729521
"CS17-G2FE-524","LH195/PHW53","G2FE",2,18,263,12.74010425
"CS17-G2FE-525","PHP38/PHW30","G2FE",2,18,261,10.67759783
"CS17-G2FE-526","PHP38/PHR03","G2FE",2,18,259,12.70640484
"CS17-G2FE-527","PHP38/PHW53","G2FE",2,18,257,10.07311857
"CS17-G2FE-528","PHHB9/NK787","G2FE",2,18,255,11.68829372
"CS17-G2FE-529","LH195/PHN82","G2FE",2,19,255,12.18797759
"CS17-G2FE-530","PHV63/PHR03","G2FE",2,19,257,10.00518873
"CS17-G2FE-531","LH195/PHN47","G2FE",2,19,259,13.59668112
"CS17-G2FE-532","PHP38/PHM49","G2FE",2,19,261,9.486909806
"CS17-G2FE-533","PHHB9/LH123HT","G2FE",2,19,263,11.88398308
"CS17-G2FE-534","PHV63/PHW30","G2FE",2,19,265,10.51809838
"CS17-G2FE-535","LH195/LH210","G2FE",2,19,267,14.48087763
"CS17-G2FE-536","PHV63/PH210","G2FE",2,19,269,10.63865284
"CS17-G2FE-537","PHW52/PHW30","G2FE",2,19,271,11.82698009
"CS17-G2FE-538","PHW52/PHR03","G2FE",2,19,273,12.62884175
"CS17-G2FE-539","LH195/PHR03","G2FE",2,19,275,13.28415725
"CS17-G2FE-540","PHW52/NK787","G2FE",2,19,277,11.82671551
"CS17-G2FE-541","LH195/PHM49","G2FE",2,19,279,11.41014908
"CS17-G2FE-542","PHHB9/PHR03","G2FE",2,19,281,13.28259674
"CS17-G2FE-543","PHW52/PHP60","G2FE",2,19,283,11.7661279
"CS17-G2FE-544","PHV63/Q381","G2FE",2,19,285,9.071148272
"CS17-G2FE-545","PHV63/LH123HT","G2FE",2,19,287,11.55014162
"CS17-G2FE-546","PHP38/LH210","G2FE",2,19,289,10.60769316
"CS17-G2FE-547","LH195/NK787","G2FE",2,19,291,13.39469391
"CS17-G2FE-548","PHHB9/LH185","G2FE",2,19,293,10.42860079
"CS17-G2FE-549","PHP38/PHP60","G2FE",2,19,295,7.307315449
"CS17-G2FE-550","LH195/PHW30","G2FE",2,19,297,11.31240298
"CS17-G2FE-551","PHHB9/PHJ65","G2FE",2,19,299,11.04509173
"CS17-G2FE-552","PHW52/PHR63","G2FE",2,19,301,10.58274863
"CS17-G2FE-553","LH195/LH123HT","G2FE",2,19,303,13.70723126
"CS17-G2FE-554","PHV63/PHN47","G2FE",2,19,305,11.35651497
"CS17-G2FE-555","PHHB9/PHP60","G2FE",2,19,307,10.83320296
"CS17-G2FE-556","LH195/PHP60","G2FE",2,19,309,12.62180455
"CS17-G2FE-557","PHHB9/PHN47","G2FE",2,19,311,11.73077451
"CS17-G2FE-558","PHHB9/LH210","G2FE",2,19,313,9.839773647
"CS17-G2FE-559","PHP38/PHR63","G2FE",2,19,315,11.70647121
"CS17-G2FE-560","PHHB9/Q381","G2FE",2,19,317,9.212173561
"CS17-G2FE-561","LH195/LH185","G2FE",2,19,319,10.10391131
"CS17-G2FE-562","LH195/PHJ65","G2FE",2,20,319,13.48296625
"CS17-G2FE-563","PHW52/PHW53","G2FE",2,20,317,10.99152737
"CS17-G2FE-564","PHW52/PHM57","G2FE",2,20,315,10.07061505
"CS17-G2FE-565","LH195/PHZ51","G2FE",2,20,313,12.11598696
"CS17-G2FE-566","PHV63/NK787","G2FE",2,20,311,12.40884537
"CS17-G2FE-567","PHP38/PHN47","G2FE",2,20,309,10.55669184
"CS17-G2FE-568","PHP38/LH185","G2FE",2,20,307,9.868064264
"CS17-G2FE-569","PHV63/PHR55","G2FE",2,20,305,13.25620515
"CS17-G2FE-570","LH195/PHR55","G2FE",2,20,303,14.13309848
"CS17-G2FE-571","PHW52/PHJ65","G2FE",2,20,301,10.85184266
"CS17-G2FE-572","LH195/Q381","G2FE",2,20,299,9.513676642
"CS17-G2FE-573","LH195/PHM57","G2FE",2,20,297,13.52741675
"CS17-G2FE-574","PHV63/PGM49","G2FE",2,20,295,11.15817329
"CS17-G2FE-575","PHW52/Q381","G2FE",2,20,293,9.681966774
"CS17-G2FE-576","PHHB9/PHZ51","G2FE",2,20,291,8.528538144
"CS17-G2FE-577","PHP38/PHJ65","G2FE",2,20,289,10.55406789
"CS17-G2FE-578","PHP38/Q381","G2FE",2,20,287,7.523398453
"CS17-G2FE-579","PHW52/PHN82","G2FE",2,20,285,10.35852733
"CS17-G2FE-580","PHHB9/PHW30","G2FE",2,20,283,11.13871986
"CS17-G2FE-581","PHW52/PHN47","G2FE",2,20,281,12.98641271
"CS17-G2FE-582","PHV63/PHP60","G2FE",2,20,279,12.29470455
"CS17-G2FE-583","PHHB9/PHW53","G2FE",2,20,277,11.1900955
"CS17-G2FE-584","PHW52/LH210","G2FE",2,20,275,12.50353553
"CS17-G2FE-585","PHV63/PHJ65","G2FE",2,20,273,11.5588035
"CS17-G2FE-586","LH195/PHR63","G2FE",2,20,271,10.88602938
"CS17-G2FE-587","PHHB9/PHR63","G2FE",2,20,269,8.305791795
"CS17-G2FE-588","PHW52/PHZ51","G2FE",2,20,267,9.343854824
"CS17-G2FE-589","PHHB9/PHM49","G2FE",2,20,265,10.51360237
"CS17-G2FE-590","PHP38/PHM57","G2FE",2,20,263,10.98409772
"CS17-G2FE-591","PHW52/PHR55","G2FE",2,20,261,13.95750006
"CS17-G2FE-592","PHV63/PHR63","G2FE",2,20,259,8.496548046
"CS17-G2FE-593","PHV63/PHW53","G2FE",2,20,257,10.57540268
"CS17-G2FE-594","PHHB9/PHR55","G2FE",2,20,255,12.59466572
